,Player,Pos,Age,Tm,G,GS,MP,FG,FGA,FG%,3P,3PA,3P%,2P,2PA,2P%,eFG%,FT,FTA,FT%,ORB,DRB,TRB,AST,STL,BLK,TOV,PF,PTS
0,Precious Achiuwa,C-PF,24,TOT,47,8,20.8,3.2,6.5,.490,0.4,1.5,.261,2.8,5.0,.557,.520,0.7,1.2,.614,2.4,3.7,6.1,1.3,0.6,0.8,1.0,1.9,7.5
1,Precious Achiuwa,C,24,TOR,25,0,17.5,3.1,6.8,.459,0.5,1.9,.277,2.6,4.9,.528,.497,1.0,1.7,.571,2.0,3.4,5.4,1.8,0.6,0.5,1.2,1.6,7.7
2,Precious Achiuwa,PF,24,NYK,22,8,24.5,3.3,6.2,.529,0.2,1.0,.227,3.0,5.2,.588,.548,0.5,0.7,.733,2.9,4.0,7.0,0.7,0.6,1.1,0.9,2.1,7.3
3,Bam Adebayo,C,26,MIA,43,43,34.5,7.6,15.0,.505,0.0,0.3,.091,7.6,14.8,.513,.506,5.0,6.4,.780,2.2,8.3,10.6,4.0,1.0,1.0,2.4,2.5,20.3
4,Ochai Agbaji,SG,23,TOT,53,10,19.6,2.1,5.0,.414,0.9,2.8,.313,1.2,2.2,.543,.502,0.3,0.4,.739,0.7,1.8,2.5,0.9,0.5,0.5,0.7,1.3,5.4
5,Ochai Agbaji,SG,23,UTA,51,10,19.7,2.1,4.9,.426,0.9,2.8,.331,1.2,2.1,.551,.520,0.3,0.4,.750,0.7,1.8,2.5,0.9,0.5,0.6,0.7,1.3,5.4
6,Ochai Agbaji,SG,23,TOR,2,0,18.5,2.0,8.5,.235,0.0,4.0,.000,2.0,4.5,.444,.235,1.0,1.5,.667,1.0,1.0,2.0,0.5,0.5,0.0,1.0,1.5,5.0
7,Santi Aldama,PF,23,MEM,42,16,24.7,4.0,9.3,.429,1.7,5.0,.346,2.3,4.4,.522,.520,0.8,1.4,.603,1.1,4.5,5.6,2.0,0.7,0.7,1.1,1.5,10.5
8,Nickeil Alexander-Walker,SG,25,MIN,53,16,23.0,2.5,5.9,.424,1.4,3.8,.369,1.1,2.0,.528,.545,0.5,0.7,.757,0.4,1.5,1.9,2.6,0.9,0.5,0.9,1.9,6.9
9,Grayson Allen,SG,28,PHO,47,47,32.9,4.3,8.4,.511,2.6,5.2,.490,1.7,3.2,.547,.663,1.6,1.8,.884,0.6,3.4,4.0,3.1,0.9,0.6,1.3,2.1,12.8
10,Jarrett Allen,C,25,CLE,47,47,30.6,6.4,10.0,.645,0.0,0.1,.000,6.4,9.9,.651,.645,2.8,3.7,.747,3.6,7.0,10.6,2.8,0.8,1.2,1.8,2.3,15.6
11,Jose Alvarado,PG,25,NOP,36,0,16.5,2.5,5.9,.418,1.3,3.5,.368,1.2,2.4,.489,.526,0.7,1.0,.676,0.4,1.8,2.1,1.8,1.1,0.3,0.7,1.4,6.9
12,Kyle Anderson,PF,30,MIN,53,2,21.8,2.4,5.1,.469,0.1,0.6,.219,2.3,4.5,.502,.482,1.2,1.8,.681,0.8,2.6,3.4,4.0,0.8,0.5,1.2,1.5,6.1
13,Giannis Antetokounmpo,PF,29,MIL,52,52,35.0,11.5,18.9,.611,0.4,1.8,.250,11.1,17.1,.648,.623,7.3,11.2,.655,2.6,8.8,11.4,6.3,1.4,1.1,3.5,3.0,30.8
14,Thanasis Antetokounmpo,PF,31,MIL,22,0,4.5,0.5,0.9,.500,0.0,0.0,.000,0.5,0.9,.526,.500,0.0,0.0,,0.2,0.2,0.4,0.5,0.1,0.2,0.5,0.9,0.9
15,Cole Anthony,PG,23,ORL,52,0,23.1,4.1,9.4,.432,1.1,3.3,.326,3.0,6.1,.489,.489,2.8,3.3,.838,0.9,3.2,4.1,3.1,0.8,0.4,1.8,2.5,12.0
16,OG Anunoby,SF,26,TOT,41,41,34.1,5.8,11.7,.498,2.1,5.5,.379,3.7,6.1,.606,.588,1.6,2.0,.774,1.0,3.2,4.2,2.3,1.3,0.7,1.5,2.3,15.3
17,OG Anunoby,SF,26,TOR,27,27,33.3,5.8,11.9,.489,2.3,6.0,.374,3.6,5.9,.608,.584,1.2,1.7,.717,0.9,3.0,3.9,2.7,1.0,0.5,1.6,2.3,15.1
18,OG Anunoby,SF,26,NYK,14,14,35.7,5.8,11.2,.516,1.8,4.6,.391,4.0,6.6,.602,.596,2.3,2.7,.842,1.1,3.6,4.6,1.5,1.8,1.1,1.4,2.4,15.6
19,Ryan Arcidiacono,PG,29,NYK,20,0,2.3,0.0,0.3,.000,0.0,0.3,.000,0.0,0.0,,.000,0.0,0.0,,0.0,0.4,0.4,0.2,0.1,0.0,0.1,0.3,0.0
20,Deni Avdija,SF,23,WAS,53,53,27.9,4.9,9.5,.520,1.1,2.7,.392,3.9,6.8,.571,.575,2.3,3.1,.732,1.0,5.4,6.4,3.8,0.8,0.4,2.0,2.5,13.2
21,Deandre Ayton,C,25,POR,35,35,32.0,6.4,11.6,.554,0.0,0.0,,6.4,11.6,.554,.554,1.1,1.3,.809,3.1,7.3,10.4,1.7,1.0,0.8,1.8,2.2,13.9
22,Udoka Azubuike,C,24,PHO,13,0,7.9,1.2,1.7,.727,0.0,0.0,,1.2,1.7,.727,.727,0.2,0.8,.273,0.8,1.5,2.4,0.2,0.0,0.5,0.3,1.3,2.7
23,Ibou Badji,C,21,POR,15,1,12.3,0.7,1.1,.647,0.0,0.0,,0.7,1.1,.647,.647,0.2,0.4,.500,1.2,1.8,3.0,0.7,0.1,1.3,0.9,2.5,1.7
24,Marvin Bagley III,C,24,TOT,36,14,19.8,4.5,7.6,.585,0.1,0.3,.200,4.4,7.4,.600,.589,2.2,2.9,.752,2.3,3.2,5.5,1.1,0.3,0.6,1.3,1.9,11.2
25,Marvin Bagley III,C,24,DET,26,10,18.4,4.1,7.0,.591,0.0,0.2,.167,4.1,6.7,.606,.594,1.9,2.3,.820,1.8,2.8,4.5,1.0,0.2,0.5,1.1,1.5,10.2
26,Marvin Bagley III,C,24,WAS,10,4,23.5,5.4,9.4,.574,0.1,0.4,.250,5.3,9.0,.589,.580,2.9,4.4,.659,3.8,4.3,8.1,1.3,0.6,0.6,1.7,2.8,13.8
27,Amari Bailey,PG,19,CHO,3,0,5.0,0.7,2.3,.286,0.0,1.0,.000,0.7,1.3,.500,.286,0.3,0.7,.500,0.7,0.0,0.7,0.3,0.0,0.0,0.3,0.0,1.7
28,,,,,,,,,,,,,,,,,,,,,,,,,,,,,
29,Patrick Baldwin Jr.,SF,21,WAS,17,0,7.2,0.9,2.4,.390,0.6,1.3,.455,0.4,1.1,.316,.512,0.5,0.7,.667,0.4,1.7,2.1,0.4,0.1,0.2,0.4,1.2,2.9
30,LaMelo Ball,PG,22,CHO,22,22,32.3,8.3,19.2,.433,3.2,9.0,.355,5.1,10.3,.500,.515,4.1,4.7,.865,1.3,3.8,5.1,8.0,1.8,0.2,3.8,3.6,23.9
31,Mo Bamba,C,25,PHI,31,0,10.6,1.6,3.3,.500,0.4,0.9,.444,1.3,2.4,.520,.559,0.5,0.8,.640,1.5,2.3,3.7,0.6,0.4,1.0,0.7,1.5,4.2
32,Paolo Banchero,PF,21,ORL,53,53,35.0,8.1,17.8,.453,1.5,4.2,.359,6.6,13.6,.482,.495,5.2,7.4,.700,1.2,5.7,6.9,5.2,1.1,0.5,3.0,2.0,22.8
33,Desmond Bane,SG,25,MEM,37,37,34.5,8.9,18.8,.474,3.3,8.6,.384,5.6,10.2,.551,.563,3.3,3.8,.864,0.9,3.6,4.6,5.3,1.0,0.5,2.7,2.9,24.4
34,Dalano Banton,PG,24,TOT,25,1,7.8,1.0,2.6,.369,0.1,0.8,.143,0.8,1.8,.477,.392,0.7,0.8,.810,0.5,1.0,1.5,0.9,0.2,0.1,0.5,0.8,2.7
35,Dalano Banton,PG,24,BOS,24,1,7.1,0.8,2.1,.373,0.1,0.7,.125,0.7,1.5,.486,.392,0.7,0.8,.800,0.5,1.0,1.5,0.8,0.2,0.1,0.4,0.8,2.3
36,Dalano Banton,PG,24,POR,1,0,25.0,5.0,14.0,.357,1.0,5.0,.200,4.0,9.0,.444,.393,1.0,1.0,1.000,0.0,3.0,3.0,3.0,0.0,0.0,2.0,0.0,12.0
37,Dominick Barlow,PF,20,SAS,23,1,13.3,1.7,3.7,.476,0.1,0.3,.429,1.6,3.3,.481,.494,1.0,1.5,.647,1.4,2.2,3.7,1.1,0.4,0.5,0.2,1.4,4.6
38,Harrison Barnes,PF,31,SAC,52,52,29.7,4.2,8.8,.479,1.9,4.8,.397,2.3,3.9,.581,.589,1.8,2.2,.819,0.8,2.1,2.9,1.2,0.7,0.2,0.7,1.2,12.1
39,Scottie Barnes,SG,22,TOR,54,54,35.2,7.4,15.7,.471,1.8,5.1,.358,5.6,10.6,.525,.529,3.3,4.3,.774,2.3,5.7,8.1,5.9,1.2,1.5,2.6,2.0,19.9
40,RJ Barrett,SG,23,TOT,44,44,31.2,7.0,14.7,.474,1.5,4.5,.343,5.4,10.2,.531,.526,3.7,4.8,.756,0.9,4.4,5.3,2.9,0.5,0.4,1.9,2.2,19.1
41,RJ Barrett,SG,23,NYK,26,26,29.5,6.3,14.9,.423,1.7,5.0,.331,4.7,9.9,.469,.478,4.0,4.8,.831,0.7,3.5,4.3,2.4,0.5,0.3,1.8,1.7,18.2
42,RJ Barrett,SG,23,TOR,18,18,33.7,7.9,14.3,.550,1.4,3.8,.368,6.5,10.6,.616,.599,3.2,4.9,.652,1.1,5.7,6.8,3.6,0.7,0.4,2.0,2.8,20.4
43,Charles Bassey,C,23,SAS,19,0,10.8,1.5,2.1,.725,0.0,0.1,.000,1.5,2.1,.744,.725,0.3,0.3,.833,1.2,2.8,4.0,1.1,0.4,0.9,0.8,1.6,3.3
44,Emoni Bates,SF,20,CLE,10,0,7.6,0.6,2.5,.240,0.5,2.0,.250,0.1,0.5,.200,.340,0.1,0.2,.500,0.1,0.9,1.0,0.6,0.1,0.2,0.1,0.5,1.8
45,Keita Bates-Diop,SF,28,TOT,40,8,15.0,1.6,3.8,.430,0.5,1.6,.313,1.1,2.2,.517,.497,0.7,0.9,.722,0.8,1.8,2.5,0.9,0.6,0.5,0.3,0.8,4.4
46,Keita Bates-Diop,SF,28,PHO,39,8,15.3,1.6,3.8,.427,0.5,1.6,.313,1.1,2.2,.512,.493,0.7,0.9,.722,0.8,1.8,2.6,0.9,0.6,0.5,0.3,0.8,4.5
47,Keita Bates-Diop,SF,28,BRK,1,0,4.0,1.0,1.0,1.000,0.0,0.0,,1.0,1.0,1.000,1.000,0.0,0.0,,0.0,0.0,0.0,0.0,0.0,0.0,0.0,0.0,2.0
48,Nicolas Batum,PF,35,TOT,34,27,24.9,2.1,4.0,.519,1.3,2.9,.454,0.8,1.1,.684,.681,0.3,0.4,.643,1.2,2.6,3.9,2.3,0.7,0.7,0.6,2.0,5.7
49,Nicolas Batum,PF,35,LAC,3,0,18.0,1.0,2.7,.375,0.7,2.3,.286,0.3,0.3,1.000,.500,0.0,0.0,,0.0,2.3,2.3,1.7,1.0,1.3,0.3,1.7,2.7
50,Nicolas Batum,PF,35,PHI,31,27,25.5,2.2,4.1,.528,1.4,2.9,.467,0.8,1.2,.676,.693,0.3,0.5,.643,1.4,2.6,4.0,2.4,0.6,0.7,0.6,2.0,6.0
51,Bradley Beal,SG,30,PHO,29,29,33.6,7.3,14.8,.493,1.7,4.6,.358,5.7,10.2,.554,.549,2.4,3.1,.775,0.9,3.5,4.4,4.7,0.9,0.3,2.5,2.7,18.7
52,Malik Beasley,SG,27,MIL,52,52,29.6,4.1,8.7,.469,2.9,6.4,.447,1.2,2.3,.529,.633,0.3,0.5,.640,0.7,3.3,4.0,1.4,0.7,0.1,0.7,2.0,11.4
53,MarJon Beauchamp,SF,23,MIL,39,1,14.4,1.8,3.7,.476,0.7,1.7,.388,1.1,2.0,.551,.566,0.4,0.6,.667,0.5,1.8,2.3,0.7,0.3,0.2,0.6,1.3,4.6
54,Jules Bernard,SG,24,WAS,6,0,4.7,0.5,2.0,.250,0.2,1.3,.125,0.3,0.7,.500,.292,0.0,0.0,,0.3,0.5,0.8,0.8,0.2,0.2,0.3,0.7,1.2
55,Dāvis Bertāns,PF,31,TOT,17,0,6.7,0.8,2.2,.378,0.8,2.1,.400,0.0,0.1,.000,.568,0.8,0.9,.933,0.1,0.6,0.7,0.6,0.3,0.2,0.1,0.7,3.3
56,Dāvis Bertāns,PF,31,OKC,15,0,6.1,0.7,1.7,.385,0.7,1.6,.417,0.0,0.1,.000,.577,0.9,1.0,.933,0.1,0.5,0.7,0.6,0.2,0.2,0.1,0.7,2.9
57,Dāvis Bertāns,PF,31,CHO,2,0,11.5,2.0,5.5,.364,2.0,5.5,.364,0.0,0.0,,.545,0.0,0.0,,0.0,1.0,1.0,0.5,1.0,0.0,0.0,1.0,6.0
58,Patrick Beverley,PG,35,TOT,49,5,19.4,2.2,5.1,.430,0.8,2.3,.333,1.4,2.8,.511,.506,1.0,1.3,.810,0.6,2.4,3.0,3.1,0.5,0.4,1.0,1.8,6.2
59,Patrick Beverley,PG,35,PHI,47,5,19.6,2.2,5.1,.432,0.7,2.3,.321,1.5,2.8,.523,.504,1.1,1.3,.810,0.6,2.4,3.1,3.1,0.5,0.4,1.0,1.8,6.3
60,Patrick Beverley,PG,35,MIL,2,0,15.5,2.0,5.0,.400,1.5,2.5,.600,0.5,2.5,.200,.550,0.0,0.0,,0.0,1.0,1.0,4.0,0.5,0.0,1.0,2.5,5.5
61,,,,,,,,,,,,,,,,,,,,,,,,,,,,,
62,Saddiq Bey,SF,24,ATL,53,41,32.5,4.6,10.8,.423,1.8,5.6,.314,2.8,5.2,.542,.505,2.6,3.2,.827,2.6,4.0,6.6,1.5,0.9,0.1,0.8,1.5,13.5
63,Goga Bitadze,C,24,ORL,44,31,18.9,2.5,4.1,.619,0.0,0.2,.200,2.5,3.9,.643,.624,1.1,1.6,.662,2.2,3.5,5.7,1.5,0.6,1.4,0.7,2.1,6.2
64,Onuralp Bitim,SG,24,CHI,1,0,3.0,0.0,0.0,,0.0,0.0,,0.0,0.0,,,0.0,0.0,,0.0,0.0,0.0,0.0,0.0,0.0,0.0,0.0,0.0
65,Bismack Biyombo,C,31,MEM,30,27,23.9,2.2,4.0,.563,0.0,0.0,,2.2,4.0,.563,.563,0.7,1.5,.478,1.9,4.5,6.4,1.7,0.3,1.1,1.3,2.7,5.2
66,Anthony Black,PG,20,ORL,48,29,18.3,1.8,3.7,.494,0.5,1.3,.381,1.3,2.4,.558,.563,0.8,1.3,.656,0.5,1.7,2.2,1.6,0.5,0.4,0.9,1.9,5.0
67,Leaky Black,SF,24,CHO,22,3,9.9,0.8,1.8,.436,0.3,0.7,.467,0.5,1.1,.417,.526,0.4,0.6,.643,0.4,1.4,1.7,0.8,0.2,0.3,0.2,0.7,2.3
68,Bogdan Bogdanović,SG,31,ATL,52,8,28.9,6.1,14.1,.432,3.1,8.4,.372,2.9,5.7,.520,.543,1.7,1.9,.908,0.6,2.6,3.2,2.8,1.3,0.3,1.1,2.4,17.0
69,Bojan Bogdanović,PF-SF,34,TOT,30,27,32.6,7.0,14.9,.467,3.0,7.3,.408,4.0,7.7,.522,.566,2.8,3.6,.771,0.4,2.9,3.4,2.4,0.8,0.2,2.1,2.0,19.7
70,Bojan Bogdanović,PF,34,DET,28,27,32.9,7.1,15.2,.468,3.1,7.4,.415,4.0,7.8,.518,.569,2.9,3.7,.779,0.5,2.9,3.4,2.5,0.8,0.1,2.3,2.0,20.2
71,Bojan Bogdanović,SF,34,NYK,2,0,28.0,5.0,11.5,.435,1.5,5.5,.273,3.5,6.0,.583,.500,1.5,2.5,.600,0.0,3.5,3.5,0.5,0.5,0.5,0.5,2.0,13.0
72,Bol Bol,PF,24,PHO,16,0,8.8,1.7,2.5,.675,0.2,0.6,.300,1.5,1.9,.800,.713,0.3,0.4,.833,0.7,2.0,2.7,0.5,0.3,0.6,0.6,0.9,3.9
73,Marques Bolden,C,25,MIL,2,0,1.5,0.0,0.0,,0.0,0.0,,0.0,0.0,,,0.0,0.0,,0.0,1.0,1.0,0.0,0.0,0.0,0.0,0.5,0.0
74,Devin Booker,PG,27,PHO,43,43,36.1,9.8,19.6,.502,2.3,6.0,.381,7.6,13.6,.556,.561,6.1,7.0,.870,0.7,4.0,4.7,7.1,0.9,0.4,2.6,3.0,28.0
75,Brandon Boston Jr.,SF,22,LAC,15,0,7.3,1.5,3.6,.407,0.4,1.2,.333,1.1,2.4,.444,.463,0.7,0.8,.917,0.5,0.5,0.9,0.3,0.1,0.1,0.3,0.9,4.1
76,Chris Boucher,PF,31,TOR,45,0,14.0,2.1,4.4,.485,0.6,2.0,.330,1.5,2.4,.609,.558,1.3,1.8,.759,1.2,2.9,4.1,0.4,0.3,0.4,0.5,1.4,6.2
77,James Bouknight,SG,23,CHO,14,0,5.8,1.3,2.9,.439,0.9,2.1,.433,0.4,0.8,.455,.598,0.1,0.1,.500,0.1,0.6,0.6,0.4,0.1,0.1,0.1,0.2,3.6
78,Jamaree Bouyea,PG,24,POR,6,0,9.5,0.8,3.5,.238,0.0,1.3,.000,0.8,2.2,.385,.238,0.0,0.0,,0.3,1.3,1.7,1.3,0.0,0.0,1.3,0.5,1.7
79,Malaki Branham,PG,20,SAS,49,21,20.2,3.2,7.6,.419,0.9,3.1,.293,2.3,4.5,.505,.478,0.6,0.6,.931,0.3,1.6,1.9,2.2,0.4,0.1,1.1,1.2,7.8
80,Christian Braun,SG,22,DEN,54,0,18.9,2.5,5.7,.443,0.6,1.8,.357,1.9,3.9,.483,.500,1.3,1.7,.742,0.8,2.7,3.5,1.4,0.4,0.4,0.7,1.5,7.0
81,Mikal Bridges,SF,27,BRK,52,52,35.3,7.7,16.9,.453,2.6,6.9,.372,5.1,10.0,.509,.528,3.9,4.8,.826,0.8,4.1,4.9,3.7,0.9,0.4,2.3,1.6,21.8
82,Miles Bridges,SF,25,CHO,42,40,37.1,8.3,17.8,.465,2.4,6.6,.368,5.8,11.2,.522,.534,2.7,3.1,.856,0.9,6.3,7.2,3.4,1.1,0.5,2.0,1.8,21.6
83,Oshae Brissett,SF,25,BOS,34,0,10.9,1.3,2.8,.457,0.3,1.1,.289,0.9,1.6,.571,.516,0.9,1.3,.698,1.0,1.8,2.9,0.7,0.4,0.1,0.3,1.1,3.7
84,,,,,,,,,,,,,,,,,,,,,,,,,,,,,
85,Malcolm Brogdon,PG,31,POR,39,25,28.7,5.6,12.7,.440,2.1,5.1,.412,3.5,7.6,.458,.522,2.4,3.0,.819,0.7,3.1,3.8,5.5,0.7,0.2,1.5,1.5,15.7
86,Armoni Brooks,PG,25,BRK,10,0,10.4,1.5,4.6,.326,1.1,3.2,.344,0.4,1.4,.286,.446,0.1,0.2,.500,0.7,1.1,1.8,0.5,0.1,0.1,0.3,0.3,4.2
87,Dillon Brooks,SF,28,HOU,44,44,31.3,5.1,11.2,.453,2.0,5.0,.408,3.0,6.2,.489,.544,2.0,2.3,.843,0.7,2.7,3.4,1.6,0.9,0.1,1.4,3.6,14.1
88,Bruce Brown,SG-PG,27,TOT,46,38,28.7,4.3,9.2,.470,0.9,2.8,.323,3.4,6.4,.534,.519,1.8,2.1,.847,0.9,3.8,4.6,2.8,1.0,0.3,1.2,2.3,11.3
89,Bruce Brown,SG,27,IND,33,33,29.7,4.5,9.5,.475,1.0,3.1,.327,3.5,6.5,.545,.527,2.0,2.5,.817,0.8,3.9,4.7,3.0,1.1,0.2,1.2,2.5,12.1
90,Bruce Brown,PG,27,TOR,13,5,26.0,3.8,8.2,.458,0.6,2.0,.308,3.2,6.2,.506,.495,1.2,1.2,1.000,1.2,3.4,4.5,2.1,0.9,0.5,1.1,2.1,9.4
91,Charlie Brown Jr.,SG,26,NYK,5,0,5.8,0.4,1.8,.222,0.4,1.2,.333,0.0,0.6,.000,.333,0.0,0.0,,0.2,0.2,0.4,0.0,0.0,0.4,0.4,1.0,1.2
92,Greg Brown III,PF,22,DAL,6,0,6.7,0.8,1.8,.455,0.2,0.5,.333,0.7,1.3,.500,.500,0.7,1.5,.444,0.5,1.0,1.5,0.7,0.0,0.7,0.7,0.8,2.5
93,Jaylen Brown,SF,27,BOS,49,49,33.3,8.6,17.3,.495,2.0,5.7,.345,6.6,11.6,.569,.552,3.0,4.1,.719,1.1,4.4,5.6,3.7,1.1,0.6,2.4,2.6,22.0
94,Kendall Brown,SG,20,IND,5,0,4.0,0.6,1.2,.500,0.0,0.2,.000,0.6,1.0,.600,.500,0.8,1.2,.667,0.4,0.0,0.4,0.4,0.0,0.0,0.0,0.8,2.0
95,Kobe Brown,PF,24,LAC,32,0,8.7,0.7,1.9,.371,0.4,1.2,.308,0.3,0.7,.478,.468,0.0,0.1,.500,0.3,1.1,1.4,0.5,0.2,0.1,0.2,1.3,1.8
96,Moses Brown,C,24,POR,9,4,9.1,1.0,2.3,.429,0.0,0.0,,1.0,2.3,.429,.429,0.0,0.4,.000,2.0,3.1,5.1,0.2,0.2,0.3,0.4,1.2,2.0
97,Troy Brown Jr.,SF,24,TOT,38,3,11.3,1.4,3.2,.439,0.9,2.3,.371,0.6,0.9,.618,.573,0.6,0.6,.875,0.4,1.6,1.9,1.0,0.2,0.1,0.5,0.7,4.3
98,Troy Brown Jr.,SF,24,MIN,37,3,11.1,1.4,3.2,.441,0.8,2.3,.369,0.6,0.9,.618,.572,0.5,0.6,.864,0.4,1.6,1.9,0.9,0.2,0.1,0.5,0.7,4.2
99,Troy Brown Jr.,SF,24,DET,1,0,19.0,2.0,5.0,.400,2.0,5.0,.400,0.0,0.0,,.600,2.0,2.0,1.000,0.0,2.0,2.0,2.0,0.0,0.0,0.0,1.0,8.0
100,Jalen Brunson,PG,27,NYK,51,51,35.9,9.8,20.4,.482,2.6,6.5,.406,7.2,13.9,.517,.546,5.2,6.3,.834,0.6,3.3,3.9,6.5,0.9,0.2,2.4,2.1,27.5
101,Thomas Bryant,C,26,MIA,25,3,10.4,1.8,3.1,.571,0.0,0.2,.000,1.8,2.9,.603,.571,0.7,0.9,.818,1.0,2.1,3.1,0.6,0.2,0.2,0.6,1.0,4.2
102,Kobe Bufkin,SG,20,ATL,4,0,5.5,0.5,2.0,.250,0.5,1.5,.333,0.0,0.5,.000,.375,0.3,0.5,.500,0.5,1.0,1.5,0.3,0.0,0.0,0.0,0.3,1.8
103,Reggie Bullock,SF,32,HOU,22,0,9.4,0.9,2.1,.426,0.7,1.6,.417,0.2,0.5,.455,.585,0.0,0.0,1.000,0.1,1.4,1.5,0.5,0.2,0.1,0.2,0.5,2.5
104,Alec Burks,SG,32,TOT,45,0,20.9,3.7,9.5,.393,2.3,5.8,.402,1.4,3.8,.379,.514,2.8,3.1,.907,0.4,2.1,2.5,1.6,0.5,0.2,0.8,1.5,12.6
105,Alec Burks,SG,32,DET,43,0,21.0,3.7,9.4,.394,2.3,5.7,.401,1.4,3.7,.384,.516,2.8,3.1,.903,0.4,2.2,2.6,1.6,0.5,0.3,0.7,1.5,12.6
106,Alec Burks,SG,32,NYK,2,0,19.5,4.0,11.0,.364,2.5,6.0,.417,1.5,5.0,.300,.477,3.0,3.0,1.000,0.5,1.0,1.5,1.5,0.0,0.0,2.0,1.0,13.5
107,Jared Butler,SG,23,WAS,17,0,7.5,1.6,2.9,.560,0.6,1.4,.417,1.1,1.5,.692,.660,0.7,0.9,.800,0.0,0.6,0.6,1.8,0.5,0.1,0.6,0.8,4.6
108,Jimmy Butler,PF,34,MIA,37,37,33.9,6.7,13.4,.500,1.0,2.3,.440,5.7,11.1,.512,.537,7.0,8.1,.869,2.0,3.4,5.5,4.6,1.3,0.3,1.7,1.1,21.4
109,Jamal Cain,PF,24,MIA,14,1,14.9,2.1,4.7,.439,0.6,1.8,.320,1.5,2.9,.512,.500,1.0,1.4,.737,0.9,1.2,2.1,0.2,0.6,0.3,0.3,1.1,5.7
110,Kentavious Caldwell-Pope,SG,30,DEN,50,50,31.9,3.5,7.9,.443,1.4,3.8,.379,2.0,4.1,.502,.534,1.6,1.8,.921,0.4,1.9,2.3,2.3,1.3,0.5,1.0,1.9,10.0
111,,,,,,,,,,,,,,,,,,,,,,,,,,,,,
112,Toumani Camara,PF,23,POR,51,31,23.8,2.5,6.0,.420,0.7,2.5,.291,1.8,3.5,.511,.480,1.0,1.4,.718,1.8,2.9,4.8,1.0,1.0,0.5,1.2,2.5,6.8
113,Clint Capela,C,29,ATL,47,47,25.7,4.8,8.4,.575,0.0,0.0,,4.8,8.4,.575,.575,1.8,2.8,.649,4.8,5.8,10.6,1.0,0.6,1.5,0.9,2.4,11.5
114,Jevon Carter,PG,28,CHI,51,0,13.8,2.0,5.4,.374,1.2,3.5,.341,0.8,1.9,.433,.484,0.1,0.1,.600,0.1,0.6,0.7,1.2,0.5,0.2,0.5,1.1,5.2
115,Wendell Carter Jr.,C,24,ORL,27,21,26.1,4.0,7.7,.522,1.2,2.9,.416,2.8,4.8,.585,.599,1.9,2.7,.722,1.9,4.7,6.5,1.6,0.5,0.5,1.1,2.3,11.1
116,Alex Caruso,SG,29,CHI,46,34,27.1,3.4,7.1,.482,1.7,4.3,.399,1.7,2.8,.608,.602,1.2,1.5,.775,1.0,2.8,3.8,2.8,1.3,1.2,1.4,2.5,9.8
117,Colin Castleton,C,23,LAL,5,0,6.4,1.2,1.8,.667,0.0,0.0,,1.2,1.8,.667,.667,0.8,0.8,1.000,0.8,1.0,1.8,0.6,0.0,0.0,0.2,1.2,3.2
118,Malcolm Cazalon,SG,22,DET,1,0,3.0,0.0,0.0,,0.0,0.0,,0.0,0.0,,,0.0,0.0,,0.0,0.0,0.0,0.0,0.0,0.0,0.0,0.0,0.0
119,Julian Champagnie,SF,22,SAS,47,32,16.5,1.9,4.7,.396,1.3,3.4,.369,0.6,1.3,.468,.529,0.8,1.0,.822,0.5,1.9,2.4,1.1,0.6,0.6,0.7,1.1,5.8
120,Max Christie,SG,20,LAL,43,7,17.2,1.8,4.3,.422,0.7,2.1,.356,1.1,2.2,.484,.508,0.7,0.9,.784,0.2,2.4,2.6,1.0,0.4,0.3,0.7,1.2,5.0
121,Sidy Cissoko,SF,19,SAS,5,0,6.4,0.2,1.2,.167,0.0,0.8,.000,0.2,0.4,.500,.167,0.8,0.8,1.000,0.0,1.2,1.2,0.0,0.6,0.0,0.2,0.4,1.2
122,Jordan Clarkson,SG,31,UTA,44,19,30.0,6.2,15.0,.415,1.7,5.6,.298,4.5,9.3,.485,.471,3.3,3.7,.878,1.0,2.4,3.4,4.8,0.6,0.1,2.7,1.4,17.4
123,Nic Claxton,C,24,BRK,42,42,29.6,5.4,8.7,.625,0.0,0.1,.250,5.4,8.6,.629,.626,1.5,2.6,.573,3.0,7.3,10.3,1.9,0.7,2.3,1.2,2.5,12.4
124,Noah Clowney,PF,19,BRK,6,0,10.2,1.8,3.0,.611,0.2,0.7,.250,1.7,2.3,.714,.639,1.0,1.0,1.000,1.0,1.0,2.0,0.7,0.0,0.2,0.5,0.8,4.8
125,Amir Coffey,SF,26,LAC,40,7,17.8,2.2,3.9,.561,0.9,1.9,.447,1.3,2.0,.671,.671,0.9,1.1,.881,0.3,1.3,1.6,0.8,0.5,0.2,0.4,1.3,6.1
126,John Collins,PF,26,UTA,50,48,27.8,5.6,10.8,.522,1.2,3.5,.341,4.5,7.3,.608,.577,1.9,2.4,.790,2.2,5.9,8.1,1.1,0.6,0.8,1.4,2.7,14.3
127,Zach Collins,C,26,SAS,42,24,24.3,4.4,9.3,.478,0.9,3.1,.275,3.6,6.1,.581,.524,1.9,2.4,.782,1.7,3.6,5.4,3.1,0.5,0.7,2.1,3.3,11.6
128,Mike Conley,PG,36,MIN,48,48,29.1,3.6,8.0,.446,2.3,5.2,.446,1.3,2.8,.444,.591,1.1,1.2,.915,0.3,2.5,2.8,6.5,1.0,0.2,1.1,1.7,10.6
129,Pat Connaughton,SF,31,MIL,48,2,21.2,1.9,4.1,.462,1.1,2.9,.390,0.8,1.2,.638,.601,0.4,0.6,.690,0.6,2.6,3.2,2.0,0.5,0.2,0.6,1.3,5.4
130,Bilal Coulibaly,SF,19,WAS,52,4,26.9,3.0,6.7,.443,1.0,2.8,.368,2.0,4.0,.495,.519,1.4,2.0,.702,0.9,3.2,4.1,1.8,0.8,0.8,1.4,2.1,8.4
131,Ricky Council IV,SG,22,PHI,13,0,8.9,1.8,3.8,.490,0.2,0.8,.300,1.6,3.0,.538,.520,2.4,3.1,.775,0.8,1.2,1.9,0.2,0.2,0.0,0.1,0.5,6.3
132,,,,,,,,,,,,,,,,,,,,,,,,,,,,,
133,Robert Covington,SF-PF,33,TOT,29,6,16.8,1.5,3.4,.439,0.7,1.9,.339,0.8,1.4,.571,.536,0.8,0.9,.846,1.1,2.3,3.3,0.8,1.3,0.6,0.4,1.9,4.4
134,Robert Covington,PF,33,LAC,3,3,23.0,1.0,3.0,.333,0.7,2.7,.250,0.3,0.3,1.000,.444,0.3,0.7,.500,0.7,2.0,2.7,2.3,2.0,0.7,0.0,2.3,3.0
135,Robert Covington,SF,33,PHI,26,3,16.1,1.5,3.4,.449,0.7,1.8,.354,0.9,1.6,.561,.545,0.8,0.9,.875,1.1,2.3,3.4,0.7,1.3,0.6,0.4,1.9,4.5
136,Torrey Craig,SF,33,CHI,32,8,21.0,2.1,5.0,.422,1.1,2.9,.372,1.0,2.1,.493,.531,0.7,0.8,.778,1.7,3.0,4.7,1.1,0.6,0.4,0.6,2.3,6.0
137,Jae Crowder,PF,33,MIL,23,7,25.0,2.6,5.9,.434,1.5,3.9,.378,1.1,2.0,.543,.559,0.7,1.0,.667,0.4,2.9,3.3,1.7,0.8,0.2,0.4,1.7,7.3
138,Cade Cunningham,PG,22,DET,42,42,34.4,8.4,18.6,.450,1.8,5.3,.339,6.6,13.4,.493,.497,3.8,4.5,.861,0.4,3.6,4.0,7.5,1.0,0.3,3.6,2.7,22.4
139,Seth Curry,SG,33,TOT,38,3,13.1,1.6,4.2,.390,0.8,2.3,.364,0.8,1.9,.423,.491,0.5,0.6,.905,0.4,1.1,1.5,0.9,0.5,0.1,0.4,0.8,4.6
140,Seth Curry,SG,33,DAL,36,3,12.7,1.5,4.0,.372,0.8,2.2,.363,0.7,1.8,.385,.472,0.5,0.5,.895,0.4,1.0,1.4,0.8,0.5,0.1,0.4,0.9,4.3
141,Seth Curry,SG,33,CHO,2,0,19.5,4.0,7.0,.571,1.5,4.0,.375,2.5,3.0,.833,.679,1.0,1.0,1.000,0.5,1.5,2.0,1.5,1.5,0.5,0.5,0.0,10.5
142,Stephen Curry,PG,35,GSW,48,48,33.4,9.1,19.7,.464,5.0,11.9,.421,4.1,7.8,.530,.592,4.7,5.1,.927,0.5,4.0,4.4,4.9,0.8,0.4,3.0,1.8,28.0
143,Dyson Daniels,PG,20,NOP,52,15,21.9,2.2,4.9,.438,0.6,2.1,.291,1.5,2.8,.548,.500,0.6,1.0,.640,1.0,2.7,3.7,2.6,1.4,0.4,1.0,1.6,5.5
144,Anthony Davis,C,30,LAL,50,50,35.8,9.5,17.1,.554,0.3,1.2,.279,9.1,15.9,.576,.564,5.4,6.7,.807,3.0,9.0,12.1,3.9,1.2,2.4,2.1,2.4,24.7
145,Johnny Davis,SG,21,WAS,23,0,8.0,1.0,2.6,.407,0.1,0.3,.286,1.0,2.3,.423,.424,0.2,0.3,.571,0.4,0.5,0.9,0.3,0.3,0.1,0.3,0.6,2.3
146,JD Davison,SG,21,BOS,2,0,3.0,0.0,0.5,.000,0.0,0.5,.000,0.0,0.0,,.000,1.0,1.0,1.000,0.5,0.5,1.0,0.0,0.0,0.0,0.0,0.0,1.0
147,Dexter Dennis,SG,24,DAL,4,0,7.5,2.5,4.8,.526,0.3,2.0,.125,2.3,2.8,.818,.553,0.3,0.8,.333,0.3,2.0,2.3,1.0,0.0,0.3,0.8,0.3,5.5
148,DeMar DeRozan,SF,34,CHI,52,52,37.6,7.8,16.6,.470,0.9,2.8,.336,6.9,13.8,.497,.498,6.1,7.2,.852,0.6,3.5,4.1,5.2,1.2,0.6,1.5,2.2,22.7
149,Moussa Diabaté,C,22,LAC,10,0,5.8,0.9,1.8,.500,0.0,0.0,,0.9,1.8,.500,.500,0.9,1.2,.750,1.4,0.6,2.0,0.4,0.4,0.0,0.2,0.4,2.7
150,Mamadi Diakite,PF,27,SAS,3,0,5.3,1.3,1.7,.800,0.0,0.0,,1.3,1.7,.800,.800,1.3,2.0,.667,0.3,0.7,1.0,0.7,0.0,0.3,0.0,0.3,4.0
151,Hamidou Diallo,SG,25,WAS,2,0,2.5,0.5,1.0,.500,0.0,0.0,,0.5,1.0,.500,.500,0.0,0.0,,1.0,0.0,1.0,0.5,1.0,0.0,0.5,0.5,1.0
152,Gradey Dick,SG,20,TOR,33,1,15.1,1.8,4.6,.401,1.0,2.8,.362,0.8,1.8,.466,.513,0.7,0.8,.920,0.4,1.2,1.7,1.2,0.5,0.0,0.6,1.4,5.4
153,Ousmane Dieng,PF,20,OKC,28,0,11.3,1.5,3.5,.434,0.7,2.2,.323,0.8,1.3,.622,.535,0.4,0.5,.857,0.3,1.4,1.7,1.0,0.1,0.1,0.5,0.6,4.2
154,Spencer Dinwiddie,PG,30,BRK,48,48,30.7,4.1,10.4,.391,1.9,5.8,.320,2.2,4.6,.480,.480,2.6,3.3,.781,0.5,2.8,3.3,6.0,0.8,0.2,1.3,1.8,12.6
155,Donte DiVincenzo,SG,27,NYK,54,36,25.0,4.8,10.6,.458,3.0,7.3,.415,1.8,3.2,.554,.602,0.9,1.3,.729,0.7,2.5,3.3,2.5,1.2,0.3,1.2,1.9,13.6
156,Luka Dončić,PG,24,DAL,46,46,37.6,11.5,23.5,.491,3.9,10.3,.379,7.6,13.2,.578,.574,7.3,9.5,.775,0.8,8.1,8.8,9.6,1.4,0.6,3.9,2.0,34.3
157,,,,,,,,,,,,,,,,,,,,,,,,,,,,,
158,Luguentz Dort,SF,24,OKC,51,51,28.4,3.6,8.2,.437,1.9,4.8,.389,1.7,3.4,.506,.551,1.6,2.0,.814,1.1,2.7,3.8,1.3,0.8,0.7,0.9,3.0,10.7
159,Ayo Dosunmu,SG,24,CHI,52,13,25.3,3.9,7.8,.507,1.3,3.2,.411,2.6,4.5,.576,.593,0.9,1.2,.767,0.6,1.9,2.5,2.3,0.8,0.5,1.1,2.1,10.1
160,Andre Drummond,C,30,CHI,54,8,16.5,3.3,5.9,.560,0.0,0.1,.000,3.3,5.8,.565,.560,1.4,2.6,.549,3.4,5.2,8.5,0.5,1.1,0.6,1.1,1.7,8.0
161,Chris Duarte,SF,26,SAC,36,11,12.9,1.3,3.5,.362,0.6,1.9,.319,0.7,1.6,.414,.449,0.6,0.7,.769,0.4,1.4,1.8,0.9,0.5,0.1,0.6,1.7,3.7
162,Kris Dunn,PG,29,UTA,46,27,17.9,2.2,4.6,.465,0.6,1.6,.403,1.5,3.1,.496,.533,0.3,0.4,.650,0.7,2.2,2.9,4.2,1.0,0.5,1.3,1.8,5.2
163,Kevin Durant,PF,35,PHO,46,46,37.1,10.3,19.2,.535,2.3,5.1,.445,8.0,14.0,.568,.595,5.5,6.3,.872,0.5,6.0,6.5,5.7,0.9,1.3,3.2,1.8,28.3
164,Jalen Duren,C,20,DET,37,36,30.4,6.3,9.8,.641,0.0,0.1,.000,6.3,9.7,.646,.641,1.8,2.4,.742,3.4,8.8,12.2,2.5,0.4,0.8,2.0,3.3,14.3
165,Tari Eason,PF,22,HOU,22,0,21.8,4.0,8.6,.466,0.8,2.3,.360,3.2,6.3,.504,.513,1.0,1.5,.636,2.1,4.9,7.0,1.2,1.4,0.9,0.9,2.3,9.8
166,Anthony Edwards,SG,22,MIN,50,50,35.0,8.9,19.1,.465,2.5,6.6,.383,6.4,12.5,.509,.531,5.5,6.5,.837,0.6,4.7,5.2,5.3,1.2,0.5,3.3,2.0,25.8
167,Kessler Edwards,SF,23,SAC,35,0,5.0,0.6,1.5,.412,0.3,0.9,.364,0.3,0.5,.500,.529,0.1,0.1,.750,0.1,0.6,0.8,0.3,0.1,0.1,0.0,0.4,1.6
168,Keon Ellis,SG,24,SAC,31,3,11.9,1.2,2.8,.432,0.9,2.3,.375,0.4,0.5,.688,.585,0.4,0.5,.647,0.3,1.0,1.3,1.2,0.5,0.4,0.5,1.4,3.7
169,Joel Embiid,C,29,PHI,34,34,34.0,11.8,22.2,.533,1.2,3.3,.366,10.6,18.9,.562,.560,10.5,11.9,.883,2.6,8.7,11.3,5.7,1.1,1.8,3.7,2.9,35.3
170,Drew Eubanks,C,26,PHO,47,3,16.2,2.3,3.6,.635,0.1,0.1,1.000,2.2,3.6,.629,.644,1.1,1.4,.735,1.3,3.0,4.3,1.0,0.4,0.8,1.0,1.7,5.7
171,Tosan Evbuomwan,SF,22,MEM,4,0,18.5,1.0,3.8,.267,0.5,2.0,.250,0.5,1.8,.286,.333,0.0,0.0,,2.0,1.5,3.5,1.5,0.0,0.3,0.3,1.3,2.5
172,Dante Exum,PG,28,DAL,32,14,19.7,3.6,6.3,.571,1.0,2.0,.477,2.7,4.3,.616,.648,1.0,1.4,.727,0.6,2.2,2.8,2.8,0.6,0.2,0.8,1.6,9.2
173,Bruno Fernando,C,25,ATL,17,0,8.0,1.5,2.7,.543,0.0,0.2,.000,1.5,2.5,.581,.543,0.9,1.6,.571,0.8,1.8,2.6,0.4,0.1,0.5,0.5,1.2,3.9
174,Dorian Finney-Smith,PF,30,BRK,43,32,28.7,3.3,8.0,.410,2.1,5.4,.380,1.2,2.6,.473,.539,0.3,0.5,.636,1.7,3.1,4.8,1.5,0.7,0.6,0.8,2.3,9.0
175,Malachi Flynn,PG,25,TOT,45,0,11.9,1.4,3.6,.406,0.7,2.1,.344,0.7,1.5,.493,.506,0.6,0.7,.788,0.3,1.3,1.6,1.8,0.4,0.1,0.8,1.0,4.2
176,Malachi Flynn,PG,25,TOR,31,0,15.3,1.8,4.4,.409,0.9,2.6,.350,0.9,1.8,.491,.511,0.5,0.7,.773,0.4,1.7,2.1,2.4,0.6,0.2,1.1,1.4,5.1
177,Malachi Flynn,PG,25,NYK,14,0,4.3,0.6,1.6,.391,0.3,0.9,.308,0.4,0.7,.500,.478,0.6,0.8,.818,0.0,0.4,0.4,0.4,0.1,0.0,0.2,0.2,2.2
178,Simone Fontecchio,SF,28,TOT,51,34,23.4,3.3,7.4,.448,1.8,4.7,.388,1.5,2.6,.556,.573,0.6,0.8,.805,1.1,2.6,3.6,1.5,0.6,0.4,1.0,1.6,9.1
179,Simone Fontecchio,SF,28,UTA,50,34,23.2,3.2,7.2,.450,1.8,4.7,.391,1.4,2.5,.560,.577,0.6,0.8,.800,1.0,2.5,3.5,1.5,0.6,0.4,1.0,1.6,8.9
180,Simone Fontecchio,SF,28,DET,1,0,32.0,8.0,19.0,.421,3.0,9.0,.333,5.0,10.0,.500,.500,1.0,1.0,1.000,2.0,7.0,9.0,1.0,1.0,0.0,1.0,1.0,20.0
181,Jordan Ford,PG,25,SAC,6,0,3.7,0.7,1.2,.571,0.3,0.5,.667,0.3,0.7,.500,.714,0.3,0.3,1.000,0.0,0.3,0.3,0.3,0.0,0.0,0.2,0.0,2.0
182,,,,,,,,,,,,,,,,,,,,,,,,,,,,,
183,Trent Forrest,SG,25,ATL,20,0,10.5,0.8,2.4,.319,0.1,0.4,.286,0.7,2.0,.325,.340,0.4,0.5,.800,0.3,1.1,1.3,2.1,0.4,0.1,0.6,0.9,2.0
184,Evan Fournier,SG,31,NYK,3,0,13.0,1.3,6.7,.200,0.7,5.0,.133,0.7,1.7,.400,.250,0.7,0.7,1.000,0.0,1.3,1.3,1.0,1.3,0.0,0.3,1.3,4.0
185,De'Aaron Fox,PG,26,SAC,46,46,35.3,9.5,20.3,.465,2.9,7.7,.376,6.5,12.6,.519,.536,4.6,6.5,.707,0.8,3.1,3.9,5.4,1.8,0.4,2.5,2.6,26.4
186,Javon Freeman-Liberty,PG,24,TOR,2,0,2.0,0.5,1.5,.333,0.0,0.0,,0.5,1.5,.333,.333,0.0,0.0,,0.5,0.0,0.5,0.0,0.0,0.0,0.0,0.0,1.0
187,Alex Fudge,SF,20,LAL,4,0,3.5,0.3,1.5,.167,0.0,0.5,.000,0.3,1.0,.250,.167,0.5,0.5,1.000,0.5,0.0,0.5,0.0,0.0,0.0,0.3,0.3,1.0
188,Markelle Fultz,PG,25,ORL,20,14,24.3,4.1,8.2,.494,0.1,0.4,.143,4.0,7.9,.510,.497,0.5,0.8,.563,1.3,2.1,3.4,3.7,1.4,0.4,1.2,1.8,8.6
189,Daniel Gafford,C-PF,25,TOT,47,46,26.2,4.6,6.8,.682,0.0,0.0,,4.6,6.8,.682,.682,1.9,2.7,.711,3.0,5.2,8.2,1.5,1.0,2.2,1.0,3.2,11.2
190,Daniel Gafford,C,25,WAS,45,45,26.5,4.5,6.5,.690,0.0,0.0,,4.5,6.5,.690,.690,1.9,2.6,.706,2.9,5.1,8.0,1.5,1.0,2.2,1.0,3.3,10.9
191,Daniel Gafford,PF,25,DAL,2,1,20.5,7.0,12.0,.583,0.0,0.0,,7.0,12.0,.583,.583,3.5,4.5,.778,5.5,7.5,13.0,1.0,1.0,3.0,1.0,1.0,17.5
192,Danilo Gallinari,PF-SF,35,TOT,32,0,14.8,2.2,4.8,.451,0.8,2.4,.355,1.3,2.4,.545,.539,2.1,2.5,.850,0.4,2.4,2.8,1.3,0.3,0.2,0.4,1.1,7.3
193,Danilo Gallinari,PF,35,WAS,26,0,14.8,2.2,5.0,.435,0.8,2.5,.313,1.4,2.6,.552,.511,1.8,2.2,.839,0.5,2.5,2.9,1.2,0.2,0.1,0.5,1.0,7.0
194,Danilo Gallinari,SF,35,DET,6,0,15.0,2.0,3.7,.545,1.2,2.0,.583,0.8,1.7,.500,.705,3.5,4.0,.875,0.3,2.0,2.3,2.0,0.3,0.3,0.2,1.5,8.7
195,Darius Garland,PG,24,CLE,28,28,31.9,6.8,14.4,.473,1.6,5.0,.329,5.1,9.4,.550,.530,3.2,3.8,.857,0.5,1.8,2.3,5.9,1.4,0.1,3.3,1.3,18.4
196,Usman Garuba,PF,21,GSW,2,0,3.0,0.0,0.5,.000,0.0,0.0,,0.0,0.5,.000,.000,0.0,0.0,,0.0,0.0,0.0,0.5,0.5,0.0,0.0,0.5,0.0
197,Luka Garza,C,25,MIN,12,0,3.0,0.8,1.9,.435,0.2,0.6,.286,0.7,1.3,.500,.478,0.5,0.8,.600,0.4,0.4,0.8,0.2,0.0,0.0,0.2,0.8,2.3
198,Kaiser Gates,SF,27,NOP,1,0,7.0,0.0,4.0,.000,0.0,2.0,.000,0.0,2.0,.000,.000,0.0,0.0,,0.0,1.0,1.0,0.0,0.0,0.0,0.0,0.0,0.0
199,Keyonte George,PG,20,UTA,48,17,24.4,3.5,9.3,.382,1.7,5.2,.329,1.8,4.1,.449,.474,2.4,2.9,.821,0.3,2.5,2.8,4.2,0.4,0.1,2.0,1.0,11.2
200,Paul George,PF,33,LAC,49,49,33.7,7.9,17.2,.457,3.3,8.3,.397,4.6,8.9,.514,.553,3.4,3.7,.912,0.6,4.8,5.3,3.6,1.6,0.4,2.0,2.9,22.4
201,Taj Gibson,PF,38,NYK,15,1,10.4,0.5,1.5,.304,0.0,0.4,.000,0.5,1.1,.412,.304,0.1,0.1,1.000,0.7,1.2,1.9,0.6,0.1,0.4,0.3,1.9,1.1
202,Josh Giddey,SG,21,OKC,52,52,24.9,4.6,10.4,.445,1.0,3.0,.331,3.7,7.5,.490,.492,1.2,1.5,.831,1.4,4.8,6.1,4.5,0.7,0.5,2.0,1.3,11.5
203,Harry Giles,C,25,BRK,16,0,5.1,1.4,2.8,.500,0.2,0.7,.273,1.2,2.1,.576,.534,0.4,0.8,.538,0.8,0.9,1.6,0.4,0.1,0.2,0.4,0.9,3.4
204,Shai Gilgeous-Alexander,PG,25,OKC,52,52,34.6,10.9,20.0,.548,1.2,3.3,.368,9.7,16.6,.584,.578,8.0,9.0,.883,0.9,4.7,5.6,6.6,2.2,0.9,2.2,2.5,31.1
205,Anthony Gill,PF,31,WAS,29,0,5.6,0.8,1.6,.489,0.1,0.4,.250,0.7,1.2,.571,.521,0.4,0.6,.750,0.4,0.8,1.3,0.4,0.2,0.2,0.5,0.4,2.1
206,Collin Gillespie,PG,24,DEN,17,0,7.0,0.9,1.8,.484,0.4,1.1,.333,0.5,0.8,.692,.581,0.3,0.4,.714,0.1,0.4,0.4,0.6,0.4,0.0,0.5,0.8,2.4
207,,,,,,,,,,,,,,,,,,,,,,,,,,,,,
208,Jacob Gilyard,PG,25,MEM,36,14,17.8,1.7,3.9,.426,1.4,3.3,.429,0.3,0.6,.409,.606,0.1,0.1,1.000,0.2,0.9,1.2,3.5,0.7,0.1,0.8,1.0,4.8
209,Rudy Gobert,C,31,MIN,52,52,33.4,5.2,8.0,.648,0.0,0.0,.000,5.2,7.9,.651,.648,3.4,5.3,.646,3.5,9.0,12.5,1.2,0.6,2.1,1.5,3.0,13.8
210,Jordan Goodwin,PG,25,PHO,40,0,14.0,1.9,4.8,.389,0.6,2.0,.288,1.3,2.8,.460,.448,0.6,0.7,.862,1.0,1.9,2.9,2.0,0.6,0.2,0.7,1.1,5.0
211,Aaron Gordon,PF,28,DEN,48,48,31.7,5.4,9.9,.545,0.6,1.9,.311,4.8,8.0,.601,.575,2.3,3.6,.624,2.5,4.0,6.5,3.1,0.8,0.7,1.3,1.9,13.6
212,Eric Gordon,SG,35,PHO,45,21,29.8,4.5,9.9,.459,2.4,6.3,.387,2.1,3.6,.588,.583,0.8,1.0,.800,0.3,1.8,2.1,2.2,0.9,0.5,1.3,1.3,12.3
213,Devonte' Graham,PG,28,SAS,11,0,8.5,1.0,2.6,.379,0.6,1.9,.333,0.4,0.7,.500,.500,0.5,0.7,.750,0.2,1.2,1.4,1.7,0.3,0.1,0.3,0.4,3.2
214,Jerami Grant,PF,29,POR,45,45,34.0,7.4,16.1,.461,2.1,5.2,.405,5.3,11.0,.487,.526,5.0,6.2,.809,0.7,3.1,3.8,2.7,0.7,0.7,2.0,2.2,21.9
215,A.J. Green,SG,24,MIL,34,0,9.0,1.4,3.2,.445,1.2,2.8,.427,0.2,0.4,.571,.632,0.2,0.2,1.000,0.2,0.8,1.0,0.6,0.0,0.0,0.1,0.9,4.3
216,Danny Green,SG,36,PHI,2,0,9.0,0.0,1.0,.000,0.0,0.5,.000,0.0,0.5,.000,.000,0.0,0.0,,0.0,1.0,1.0,0.5,0.5,0.0,0.0,0.5,0.0
217,Draymond Green,PF,33,GSW,27,24,26.7,3.5,6.8,.511,1.0,2.6,.406,2.4,4.3,.574,.587,1.2,1.6,.786,1.3,5.3,6.6,6.2,0.7,0.9,2.6,3.1,9.2
218,Jalen Green,SG,21,HOU,53,53,30.8,6.3,15.2,.412,2.0,6.6,.310,4.2,8.7,.489,.479,3.7,4.6,.802,0.4,4.5,4.9,3.4,0.7,0.3,2.2,1.3,18.3
219,Jeff Green,PF,37,HOU,51,5,16.9,2.0,4.2,.484,0.4,1.5,.297,1.6,2.7,.583,.535,1.8,2.2,.820,0.6,1.6,2.2,0.8,0.2,0.5,0.7,1.5,6.3
220,Josh Green,SG,23,DAL,41,24,27.6,3.4,7.0,.488,1.4,3.6,.404,2.0,3.4,.574,.591,0.8,1.2,.660,0.6,2.7,3.3,2.6,0.8,0.2,1.1,2.0,9.1
221,AJ Griffin,SF,20,ATL,18,0,7.3,0.7,2.5,.289,0.5,1.8,.273,0.2,0.7,.333,.389,0.1,0.1,1.000,0.1,0.7,0.8,0.2,0.1,0.1,0.3,0.3,2.1
222,Quentin Grimes,SG,23,NYK,45,18,20.2,2.5,6.4,.395,1.7,4.7,.363,0.8,1.6,.486,.530,0.5,0.8,.706,0.3,1.6,2.0,1.2,0.7,0.1,0.5,1.5,7.3
223,Mouhamadou Gueye,PF,25,TOR,1,0,6.0,1.0,3.0,.333,0.0,0.0,,1.0,3.0,.333,.333,0.0,0.0,,2.0,1.0,3.0,0.0,0.0,2.0,0.0,1.0,2.0
224,Mouhamed Gueye,PF,21,ATL,2,0,2.0,0.0,0.5,.000,0.0,0.5,.000,0.0,0.0,,.000,0.0,0.0,,0.0,0.0,0.0,0.0,0.5,0.0,0.0,0.5,0.0
225,Rui Hachimura,PF,25,LAL,40,11,23.9,4.3,8.6,.500,1.2,3.0,.383,3.2,5.6,.563,.567,1.6,2.1,.747,0.8,3.0,3.7,1.1,0.7,0.3,0.8,1.4,11.3
226,Ashton Hagans,PG,24,POR,2,1,25.5,2.0,5.5,.364,0.0,2.0,.000,2.0,3.5,.571,.364,0.5,1.0,.500,0.0,2.0,2.0,3.5,0.5,0.5,1.5,3.5,4.5
227,Tyrese Haliburton,PG,23,IND,42,41,31.9,7.8,15.9,.493,3.1,7.9,.396,4.7,8.0,.588,.591,3.1,3.6,.854,0.6,3.3,3.9,11.7,1.0,0.7,2.4,1.0,21.9
228,,,,,,,,,,,,,,,,,,,,,,,,,,,,,
229,R.J. Hampton,PG,22,MIA,8,2,9.5,0.5,1.8,.286,0.1,1.0,.125,0.4,0.8,.500,.321,0.1,0.3,.500,0.3,0.5,0.8,1.0,0.0,0.0,0.4,1.0,1.3
230,Tim Hardaway Jr.,SF,31,DAL,51,10,29.8,6.0,14.4,.414,3.2,8.7,.364,2.8,5.7,.491,.525,2.4,2.7,.877,0.3,3.3,3.6,1.7,0.5,0.1,0.9,1.5,17.5
231,James Harden,PG,34,LAC,47,47,34.5,5.1,11.4,.447,2.8,6.7,.420,2.3,4.7,.484,.570,4.3,4.9,.873,0.4,4.6,5.0,8.4,1.2,0.9,2.6,2.0,17.3
232,Jaden Hardy,SG,21,DAL,49,6,15.6,3.0,7.3,.406,1.4,3.8,.370,1.6,3.6,.443,.500,0.8,1.1,.717,0.3,1.7,2.0,1.7,0.3,0.1,0.8,1.2,8.1
233,Ron Harper Jr.,PF,23,TOR,1,0,4.0,0.0,0.0,,0.0,0.0,,0.0,0.0,,,0.0,0.0,,0.0,0.0,0.0,1.0,0.0,0.0,0.0,2.0,0.0
234,Gary Harris,SG,29,ORL,32,6,22.4,2.4,5.6,.428,1.2,3.8,.322,1.2,1.8,.644,.536,0.8,1.0,.781,0.5,1.1,1.6,1.8,0.8,0.3,0.5,1.7,6.8
235,Joe Harris,SG,32,DET,16,0,10.6,0.9,2.4,.359,0.6,1.9,.333,0.3,0.6,.444,.487,0.1,0.1,.500,0.2,0.6,0.8,0.6,0.2,0.1,0.3,1.2,2.4
236,Kevon Harris,SG,26,ORL,1,0,3.0,0.0,0.0,,0.0,0.0,,0.0,0.0,,,0.0,0.0,,0.0,1.0,1.0,0.0,0.0,0.0,1.0,1.0,0.0
237,Tobias Harris,PF,31,PHI,48,48,34.0,6.8,13.3,.507,1.2,3.4,.346,5.6,9.9,.562,.551,3.1,3.4,.896,1.1,5.0,6.0,3.4,1.0,0.5,1.5,1.7,17.7
238,Shaquille Harrison,SG,30,MEM,3,0,2.0,0.3,0.7,.500,0.0,0.0,,0.3,0.7,.500,.500,0.0,0.0,,0.0,0.7,0.7,0.0,0.0,0.3,0.0,0.0,0.7
239,Josh Hart,SF,28,NYK,53,14,29.9,3.0,7.1,.427,0.9,2.9,.314,2.1,4.2,.507,.492,0.9,1.1,.839,1.3,5.8,7.2,3.2,0.8,0.3,1.3,1.9,7.9
240,Isaiah Hartenstein,C,25,NYK,50,24,25.6,2.9,4.6,.619,0.0,0.1,.333,2.8,4.6,.623,.621,1.4,2.0,.707,3.4,5.3,8.7,2.0,1.2,1.1,1.2,2.9,7.1
241,Sam Hauser,SF,26,BOS,52,5,21.5,2.8,6.3,.441,2.2,5.4,.410,0.6,0.9,.630,.617,0.3,0.3,.882,0.6,2.7,3.3,1.0,0.4,0.3,0.5,1.3,8.1
242,Jordan Hawkins,SG,21,NOP,48,10,20.2,3.2,7.9,.401,2.0,5.1,.381,1.2,2.8,.439,.525,1.3,1.5,.847,0.5,2.1,2.7,1.3,0.4,0.1,0.8,1.3,9.6
243,Jaxson Hayes,C,23,LAL,43,3,11.0,1.5,2.2,.695,0.0,0.1,.000,1.5,2.1,.742,.695,0.6,1.0,.610,0.8,1.5,2.2,0.4,0.5,0.4,0.5,1.7,3.7
244,Killian Hayes,PG,22,DET,42,31,24.0,2.8,6.7,.413,0.5,1.8,.297,2.3,5.0,.455,.452,0.8,1.2,.660,0.3,2.6,2.8,4.9,0.9,0.5,1.2,1.8,6.9
245,Gordon Hayward,SF,33,CHO,25,25,31.9,5.6,11.9,.468,0.9,2.4,.361,4.7,9.4,.496,.505,2.5,3.2,.765,1.0,3.7,4.7,4.6,1.1,0.5,2.0,1.8,14.5
246,Scoot Henderson,PG,19,POR,41,15,26.7,4.4,11.8,.373,1.2,4.0,.315,3.2,7.9,.402,.426,2.7,3.3,.810,0.9,2.1,3.0,4.6,0.6,0.2,3.0,3.0,12.8
247,Taylor Hendricks,PF,20,UTA,15,0,14.5,1.6,4.3,.369,0.9,2.6,.333,0.7,1.7,.423,.469,0.4,0.5,.750,0.9,1.9,2.7,0.5,0.6,0.6,0.9,1.1,4.5
248,Tyler Herro,SG,24,MIA,33,33,33.6,7.9,18.0,.437,3.3,8.2,.404,4.5,9.8,.464,.529,1.9,2.2,.838,0.5,4.8,5.3,4.3,0.9,0.1,2.2,1.5,21.0
249,,,,,,,,,,,,,,,,,,,,,,,,,,,,,
250,Buddy Hield,SF-SG,31,TOT,55,31,26.3,4.6,10.3,.450,2.7,7.0,.389,1.9,3.3,.580,.582,0.5,0.7,.833,0.7,2.6,3.3,2.9,0.9,0.6,1.3,2.1,12.5
251,Buddy Hield,SF,31,IND,52,28,25.7,4.4,9.9,.443,2.6,6.9,.384,1.8,3.1,.575,.575,0.5,0.6,.848,0.7,2.6,3.2,2.7,0.8,0.6,1.2,2.0,12.0
252,Buddy Hield,SG,31,PHI,3,3,37.0,8.7,16.7,.520,4.3,9.7,.448,4.3,7.0,.619,.650,0.7,1.0,.667,0.7,3.7,4.3,6.7,1.7,0.0,2.3,4.0,22.3
253,Haywood Highsmith,PF,27,MIA,38,24,20.7,2.1,4.9,.427,1.1,2.8,.370,1.0,2.0,.506,.535,0.5,0.6,.792,0.8,2.0,2.8,1.1,0.9,0.5,0.6,2.1,5.7
254,Nate Hinton,SG,24,HOU,10,0,4.3,0.7,1.5,.467,0.5,0.8,.625,0.2,0.7,.286,.633,0.2,0.2,1.000,0.2,0.7,0.9,0.4,0.1,0.1,0.2,0.8,2.1
255,D'Moi Hodge,SG,25,LAL,7,0,5.9,0.7,2.1,.333,0.4,1.7,.250,0.3,0.4,.667,.433,0.1,0.3,.500,0.0,0.0,0.0,0.7,0.1,0.1,0.1,0.6,2.0
256,Aaron Holiday,PG,27,HOU,50,1,17.6,2.5,5.5,.458,1.2,3.0,.397,1.3,2.5,.532,.567,0.7,0.8,.881,0.3,1.6,1.9,1.9,0.5,0.1,0.8,1.6,7.0
257,Jrue Holiday,PG,33,BOS,48,48,33.5,5.0,10.7,.472,2.1,4.8,.439,3.0,5.9,.498,.569,1.1,1.4,.833,1.4,4.5,5.9,4.6,0.8,0.7,1.9,1.6,13.3
258,Justin Holiday,SG,34,DEN,31,8,14.2,1.4,3.0,.462,0.8,2.1,.394,0.5,0.9,.630,.602,0.0,0.1,.500,0.2,1.0,1.2,1.0,0.6,0.1,0.2,1.4,3.6
259,Richaun Holmes,C-PF,30,TOT,24,2,10.4,1.6,2.8,.576,0.0,0.0,,1.6,2.8,.576,.576,0.5,0.9,.571,1.4,1.9,3.3,0.6,0.1,0.4,0.5,1.5,3.7
260,Richaun Holmes,C,30,DAL,23,2,10.3,1.4,2.6,.559,0.0,0.0,,1.4,2.6,.559,.559,0.5,0.9,.571,1.4,2.0,3.4,0.7,0.1,0.4,0.5,1.4,3.4
261,Richaun Holmes,PF,30,WAS,1,0,13.0,5.0,7.0,.714,0.0,0.0,,5.0,7.0,.714,.714,0.0,0.0,,1.0,1.0,2.0,0.0,0.0,1.0,0.0,3.0,10.0
262,Chet Holmgren,C,21,OKC,53,53,30.0,6.3,11.8,.536,1.7,4.3,.394,4.7,7.6,.616,.607,2.4,3.2,.768,1.5,6.0,7.5,2.7,0.7,2.6,1.6,2.5,16.8
263,Jalen Hood-Schifino,SG,20,LAL,16,0,5.9,0.5,2.3,.222,0.1,0.7,.091,0.4,1.6,.280,.236,0.6,1.0,.625,0.1,0.6,0.7,0.5,0.2,0.1,0.5,0.7,1.7
264,Al Horford,C,37,BOS,44,21,27.0,2.9,6.2,.472,1.6,4.1,.402,1.3,2.1,.609,.605,0.3,0.4,.833,1.3,5.5,6.7,2.8,0.5,1.0,0.8,1.5,7.8
265,Talen Horton-Tucker,PG,23,UTA,34,11,20.7,3.9,9.5,.410,1.1,3.5,.328,2.8,6.0,.459,.471,1.7,2.2,.776,0.5,2.1,2.5,4.0,1.0,0.3,1.6,1.9,10.7
266,Danuel House Jr.,SF,30,PHI,34,4,15.0,1.4,3.1,.448,0.4,1.5,.300,0.9,1.6,.582,.519,1.0,1.4,.761,0.5,1.2,1.7,0.8,0.4,0.1,0.6,1.3,4.2
267,Caleb Houstan,SF,21,ORL,38,7,14.9,1.5,4.0,.384,1.3,3.7,.362,0.2,0.3,.700,.553,0.4,0.6,.773,0.6,1.1,1.6,0.6,0.3,0.0,0.3,1.2,4.8
268,Jett Howard,SF,20,ORL,11,0,3.8,0.6,1.7,.368,0.4,1.3,.286,0.3,0.5,.600,.474,0.2,0.4,.500,0.1,0.4,0.5,0.3,0.0,0.1,0.2,0.1,1.8
269,Kevin Huerter,SG,25,SAC,50,45,25.0,4.1,9.1,.449,2.0,5.6,.366,2.0,3.5,.583,.562,0.7,0.9,.791,0.6,3.0,3.6,2.6,0.7,0.4,0.8,2.2,10.9
270,Jay Huff,C,25,DEN,8,0,2.8,0.5,0.9,.571,0.3,0.6,.400,0.3,0.3,1.000,.714,0.0,0.0,,0.0,0.4,0.4,0.1,0.1,0.0,0.1,0.6,1.3
271,De'Andre Hunter,SF,26,ATL,30,24,28.4,4.9,10.5,.468,2.0,4.7,.418,3.0,5.8,.509,.562,2.9,3.2,.887,0.6,3.2,3.9,1.3,0.8,0.4,1.5,2.8,14.7
272,Matthew Hurt,PF,23,MEM,3,0,18.7,2.0,6.0,.333,0.7,3.3,.200,1.3,2.7,.500,.389,1.0,1.0,1.000,1.3,0.7,2.0,1.0,0.0,0.3,0.0,0.7,5.7
273,Bones Hyland,PG,23,LAC,19,2,13.2,2.3,6.3,.367,1.1,3.4,.313,1.3,2.9,.429,.450,0.5,0.6,.833,0.2,0.7,0.9,1.7,0.5,0.1,1.2,1.4,6.2
274,,,,,,,,,,,,,,,,,,,,,,,,,,,,,
275,Joe Ingles,SF,36,ORL,39,0,17.5,1.6,4.0,.410,1.1,2.7,.402,0.5,1.3,.429,.548,0.4,0.5,.850,0.4,2.0,2.4,3.0,0.6,0.1,0.9,1.5,4.8
276,Brandon Ingram,SF,26,NOP,50,50,33.3,8.1,16.5,.491,1.4,3.9,.357,6.7,12.5,.533,.533,3.9,4.9,.798,0.7,4.3,5.0,5.8,0.8,0.6,2.5,2.3,21.5
277,Kyrie Irving,SG,31,DAL,32,32,33.9,9.5,19.6,.484,2.9,7.0,.413,6.6,12.6,.524,.558,3.4,3.8,.878,0.8,4.3,5.1,5.4,1.3,0.5,1.7,2.0,25.2
278,Jonathan Isaac,PF,26,ORL,35,1,14.8,2.2,4.7,.476,0.5,1.7,.295,1.7,2.9,.583,.530,1.2,1.6,.750,1.2,3.1,4.3,0.4,0.7,1.2,0.5,1.2,6.2
279,Jaden Ivey,SG,21,DET,48,32,27.9,5.5,11.9,.462,1.6,4.3,.374,3.9,7.6,.512,.530,2.9,4.0,.720,1.4,2.5,3.9,3.7,0.7,0.6,2.5,2.8,15.5
280,Andre Jackson Jr.,SG,22,MIL,43,8,11.3,1.0,2.0,.536,0.3,0.9,.385,0.7,1.0,.667,.625,0.2,0.3,.727,0.8,1.3,2.1,1.0,0.3,0.1,0.5,1.9,2.6
281,GG Jackson II,PF,19,MEM,21,1,18.7,3.5,8.0,.435,1.6,4.1,.379,1.9,3.9,.494,.533,1.6,2.3,.694,1.0,2.4,3.4,0.9,0.6,0.6,0.8,1.0,10.1
282,Isaiah Jackson,C,22,IND,42,2,13.3,2.7,4.1,.661,0.0,0.1,.000,2.7,4.0,.673,.661,1.3,1.8,.711,1.5,2.6,4.0,0.9,0.6,1.1,0.7,2.6,6.7
283,Jaren Jackson Jr.,C,24,MEM,50,50,31.9,7.7,17.3,.447,1.8,5.7,.322,5.9,11.6,.509,.500,5.1,6.2,.825,1.2,4.3,5.5,2.1,1.0,1.6,2.3,3.5,22.3
284,Reggie Jackson,PG,33,DEN,54,14,23.0,4.3,9.4,.457,1.3,3.5,.374,3.0,5.9,.505,.526,1.0,1.2,.776,0.4,1.7,2.1,3.9,0.6,0.2,1.3,1.8,10.9
285,Trayce Jackson-Davis,PF,23,GSW,39,3,13.0,2.7,3.9,.688,0.0,0.0,,2.7,3.9,.688,.688,1.1,1.8,.586,1.6,2.5,4.1,0.9,0.3,0.8,0.7,1.5,6.5
286,LeBron James,PF,39,LAL,48,48,35.0,9.3,18.0,.519,2.1,5.4,.393,7.2,12.6,.572,.577,4.1,5.5,.737,0.9,6.4,7.3,7.8,1.3,0.6,3.2,1.2,24.8
287,Jaime Jaquez Jr.,SF,22,MIA,47,16,29.4,5.0,10.0,.494,1.0,2.9,.331,4.0,7.1,.560,.541,2.0,2.5,.819,1.2,2.6,3.8,2.6,1.1,0.2,1.7,2.4,12.9
288,DaQuan Jeffries,SG,26,NYK,10,0,3.0,0.5,1.2,.417,0.1,0.5,.200,0.4,0.7,.571,.458,0.0,0.2,.000,0.0,0.5,0.5,0.2,0.0,0.0,0.1,0.2,1.1
289,Trey Jemison,C,24,TOT,8,2,14.8,1.6,3.1,.520,0.0,0.0,,1.6,3.1,.520,.520,0.5,0.6,.800,1.4,1.8,3.1,0.6,0.5,1.1,0.9,2.4,3.8
290,Trey Jemison,C,24,WAS,2,0,0.5,0.0,0.0,,0.0,0.0,,0.0,0.0,,,0.0,0.0,,0.0,0.5,0.5,0.0,0.0,0.0,0.5,0.0,0.0
291,Trey Jemison,C,24,MEM,6,2,19.5,2.2,4.2,.520,0.0,0.0,,2.2,4.2,.520,.520,0.7,0.8,.800,1.8,2.2,4.0,0.8,0.7,1.5,1.0,3.2,5.0
292,Ty Jerome,SG,26,CLE,2,0,7.5,1.0,2.0,.500,0.0,0.5,.000,1.0,1.5,.667,.500,0.0,0.0,,0.5,0.0,0.5,1.5,0.0,0.0,0.5,1.0,2.0
293,Isaiah Joe,SG,24,OKC,49,0,18.7,2.9,6.3,.461,2.0,4.7,.428,0.9,1.6,.557,.620,0.7,0.8,.842,0.4,2.0,2.4,1.1,0.6,0.3,0.6,1.2,8.4
294,Cameron Johnson,PF,27,BRK,40,40,28.5,5.2,11.3,.458,2.5,6.2,.401,2.7,5.1,.527,.568,1.2,1.6,.742,1.1,3.6,4.7,2.6,0.8,0.3,1.0,1.9,13.9
295,Jalen Johnson,SF,22,ATL,40,37,33.9,6.2,11.8,.525,1.2,3.3,.361,5.0,8.5,.590,.576,2.0,2.7,.748,1.2,7.3,8.5,3.4,1.3,0.8,1.8,2.7,15.6
296,James Johnson,PF,36,IND,5,0,4.8,0.4,1.0,.400,0.0,0.2,.000,0.4,0.8,.500,.400,0.0,0.0,,0.2,0.6,0.8,1.0,0.8,0.0,0.4,0.8,0.8
297,,,,,,,,,,,,,,,,,,,,,,,,,,,,,
298,Keldon Johnson,SF,24,SAS,50,26,30.1,6.0,13.1,.454,1.7,5.1,.336,4.2,8.0,.529,.519,2.7,3.5,.780,1.4,4.4,5.8,3.1,0.9,0.3,1.6,2.3,16.3
299,Keon Johnson,SG,21,BRK,2,0,17.5,2.0,5.5,.364,1.5,2.5,.600,0.5,3.0,.167,.500,2.0,2.0,1.000,1.0,0.5,1.5,0.5,1.5,0.5,1.0,1.5,7.5
300,Keyontae Johnson,SF,23,OKC,7,0,8.1,0.6,1.7,.333,0.1,0.3,.500,0.4,1.4,.300,.375,0.0,0.0,,0.4,0.4,0.9,0.6,0.0,0.0,0.6,0.6,1.3
301,Nikola Jokić,C,28,DEN,52,52,33.7,10.3,17.7,.582,1.1,2.9,.366,9.2,14.8,.625,.612,4.6,5.7,.814,3.0,9.1,12.2,9.0,1.2,0.9,3.0,2.5,26.3
302,Colby Jones,SG,21,SAC,17,0,7.1,1.0,2.7,.370,0.1,0.8,.077,0.9,1.9,.485,.380,0.1,0.3,.400,0.6,0.9,1.5,0.6,0.2,0.1,0.3,0.9,2.2
303,Damian Jones,C,28,CLE,25,0,6.0,0.7,1.3,.531,0.1,0.3,.286,0.6,1.0,.600,.563,0.4,0.4,.909,0.4,1.0,1.3,0.5,0.1,0.4,0.4,0.6,1.8
304,Derrick Jones Jr.,SF,26,DAL,49,47,25.4,3.6,7.3,.489,1.2,3.6,.343,2.3,3.7,.633,.574,1.4,1.8,.744,1.1,2.5,3.7,1.0,0.8,0.7,0.9,1.8,9.8
305,Herbert Jones,SF,25,NOP,49,49,28.7,4.0,7.9,.500,1.5,3.6,.411,2.5,4.3,.573,.593,1.7,2.0,.857,1.2,2.5,3.7,2.5,1.2,0.8,1.2,2.8,11.1
306,Tre Jones,PG,24,SAS,49,20,26.1,3.8,7.6,.500,0.7,2.3,.288,3.2,5.4,.589,.543,1.4,1.7,.877,0.7,2.5,3.2,5.8,1.0,0.1,1.4,1.2,9.7
307,Tyus Jones,PG,27,WAS,53,53,28.8,5.2,10.5,.497,1.6,3.7,.419,3.7,6.8,.540,.572,0.5,0.7,.778,0.3,2.5,2.8,6.7,1.2,0.3,0.9,0.8,12.6
308,DeAndre Jordan,C,35,DEN,29,1,11.3,1.7,2.6,.632,0.0,0.0,,1.7,2.6,.632,.632,0.8,1.7,.449,1.7,2.9,4.6,0.7,0.2,0.4,0.7,1.7,4.1
309,Cory Joseph,PG,32,GSW,26,0,11.4,0.9,2.5,.359,0.5,1.6,.310,0.4,0.8,.455,.461,0.2,0.3,.571,0.2,0.9,1.2,1.6,0.2,0.1,0.5,1.0,2.4
310,Nikola Jović,PF,20,MIA,20,12,16.0,1.9,4.6,.402,1.0,2.3,.422,0.9,2.4,.383,.505,0.6,1.0,.550,0.9,3.3,4.1,1.8,0.3,0.4,1.0,1.9,5.2
311,Johnny Juzang,SG,22,UTA,2,0,3.0,0.0,1.5,.000,0.0,1.5,.000,0.0,0.0,,.000,0.0,0.0,,0.0,0.0,0.0,0.5,0.0,0.0,0.0,0.0,0.0
312,Luke Kennard,SG,27,MEM,26,10,24.5,3.5,8.0,.435,2.7,6.1,.447,0.8,1.9,.400,.605,0.8,0.9,.875,0.3,2.6,3.0,3.0,0.4,0.0,1.0,1.1,10.5
313,Walker Kessler,C,22,UTA,46,15,23.3,3.8,5.7,.663,0.1,0.3,.250,3.7,5.3,.690,.670,0.9,1.6,.548,2.5,5.0,7.5,0.8,0.5,2.8,1.0,2.1,8.5
314,Braxton Key,SF,26,DEN,15,0,3.4,0.4,1.0,.400,0.1,0.3,.250,0.3,0.7,.455,.433,0.3,0.4,.667,0.2,0.6,0.8,0.5,0.1,0.0,0.1,0.3,1.1
315,Corey Kispert,SF,24,WAS,52,1,22.3,4.3,8.9,.482,2.0,5.5,.357,2.3,3.4,.686,.592,1.3,1.7,.778,0.3,2.1,2.4,1.5,0.4,0.2,1.0,1.6,11.8
316,Maxi Kleber,C,32,DAL,19,7,21.6,2.0,4.3,.463,0.9,2.5,.354,1.1,1.8,.618,.567,0.8,1.2,.652,0.8,2.8,3.6,1.8,0.4,0.8,1.0,2.1,5.7
317,Kevin Knox,SF,24,DET,31,11,18.1,2.8,6.0,.462,1.0,3.0,.330,1.8,3.0,.598,.546,0.6,0.7,.909,0.6,1.8,2.4,0.7,0.4,0.2,0.7,1.6,7.2
318,,,,,,,,,,,,,,,,,,,,,,,,,,,,,
319,John Konchar,SF,27,MEM,43,14,19.4,1.5,3.6,.416,0.6,2.0,.276,0.9,1.6,.597,.494,0.3,0.3,.786,1.2,3.1,4.3,1.8,0.8,0.9,0.6,1.2,3.8
320,Furkan Korkmaz,SG,26,PHI,35,0,8.6,0.9,2.2,.395,0.4,1.1,.350,0.5,1.0,.444,.487,0.4,0.6,.700,0.1,0.7,0.9,0.7,0.4,0.1,0.3,0.5,2.5
321,Luke Kornet,C,28,BOS,37,2,14.8,2.1,3.0,.679,0.0,0.0,,2.1,3.0,.679,.679,0.8,0.8,.903,1.8,2.0,3.8,0.8,0.4,1.0,0.4,1.3,4.9
322,Jonathan Kuminga,PF,21,GSW,50,24,25.4,5.9,11.1,.532,0.8,2.4,.320,5.1,8.6,.593,.568,3.0,4.1,.725,1.2,3.4,4.6,1.8,0.7,0.4,1.6,2.2,15.6
323,Kyle Kuzma,PF,28,WAS,52,52,31.7,8.6,18.8,.456,2.3,6.8,.329,6.3,11.9,.529,.516,2.5,3.1,.801,0.9,5.4,6.3,4.2,0.4,0.7,2.6,2.2,21.8
324,Jock Landale,C,28,HOU,29,0,9.3,0.9,2.4,.377,0.1,0.6,.111,0.8,1.8,.471,.391,0.4,0.6,.765,1.3,1.0,2.2,0.6,0.2,0.4,0.4,0.9,2.3
325,Jake LaRavia,PF,22,MEM,11,0,11.1,1.5,3.9,.372,0.5,2.2,.208,1.0,1.7,.579,.430,0.3,0.4,.750,0.6,0.8,1.5,0.5,0.1,0.1,0.4,1.7,3.6
326,Zach LaVine,SG,28,CHI,25,23,34.9,6.8,15.0,.452,2.4,6.8,.349,4.4,8.3,.536,.531,3.5,4.1,.854,0.3,4.8,5.2,3.9,0.8,0.3,2.1,2.3,19.5
327,A.J. Lawson,SG,23,DAL,26,0,8.7,1.5,3.2,.470,0.5,1.5,.325,1.0,1.7,.605,.548,0.5,0.7,.632,0.4,0.7,1.2,0.5,0.3,0.1,0.4,0.7,4.0
328,Saben Lee,PG,24,PHO,12,0,6.3,0.8,1.8,.409,0.0,0.4,.000,0.8,1.4,.529,.409,1.1,1.4,.765,0.4,0.6,1.0,1.0,0.3,0.3,0.4,0.5,2.6
329,Alex Len,C,30,SAC,20,0,8.5,1.1,1.8,.629,0.0,0.2,.000,1.1,1.6,.688,.629,0.4,0.8,.467,1.3,1.7,3.0,1.1,0.3,0.4,0.7,1.2,2.6
330,Kawhi Leonard,SF,32,LAC,48,48,34.3,9.0,17.1,.527,2.3,5.1,.453,6.7,11.9,.558,.595,3.8,4.2,.891,1.2,5.0,6.2,3.7,1.7,0.9,1.6,1.5,24.1
331,Caris LeVert,SG,29,CLE,42,1,27.5,5.4,12.6,.426,1.7,5.2,.336,3.6,7.4,.489,.495,2.2,2.9,.748,0.5,3.0,3.6,4.3,1.0,0.4,1.5,1.7,14.6
332,Kira Lewis Jr.,PG,22,TOT,17,0,8.7,0.9,3.1,.308,0.1,1.2,.100,0.8,1.9,.438,.327,0.6,0.6,.909,0.2,0.6,0.8,1.1,0.3,0.1,0.5,0.5,2.6
333,Kira Lewis Jr.,PG,22,NOP,15,0,9.6,1.1,3.5,.308,0.1,1.3,.100,0.9,2.1,.438,.327,0.7,0.7,.909,0.3,0.7,0.9,1.2,0.3,0.1,0.5,0.5,2.9
334,Kira Lewis Jr.,PG,22,TOR,1,0,2.0,0.0,0.0,,0.0,0.0,,0.0,0.0,,,0.0,0.0,,0.0,0.0,0.0,0.0,0.0,0.0,0.0,1.0,0.0
335,Kira Lewis Jr.,PG,22,UTA,1,0,2.0,0.0,0.0,,0.0,0.0,,0.0,0.0,,,0.0,0.0,,0.0,0.0,0.0,0.0,0.0,0.0,0.0,0.0,0.0
336,Maxwell Lewis,SF,21,LAL,18,0,3.7,0.2,0.7,.250,0.1,0.2,.333,0.1,0.5,.222,.292,0.0,0.0,,0.1,0.1,0.2,0.2,0.1,0.0,0.3,0.2,0.4
337,E.J. Liddell,PF,23,NOP,8,0,2.9,0.1,0.8,.167,0.0,0.6,.000,0.1,0.1,1.000,.167,0.3,0.3,1.000,0.0,0.6,0.6,0.1,0.3,0.3,0.3,0.3,0.5
338,Damian Lillard,PG,33,MIL,49,49,35.0,7.4,17.4,.426,2.9,8.4,.345,4.5,8.9,.502,.510,7.1,7.7,.923,0.6,3.6,4.2,6.8,1.1,0.2,2.5,1.7,24.8
339,Nassir Little,SF,23,PHO,30,2,13.3,1.6,3.3,.475,0.6,1.9,.304,1.0,1.4,.698,.561,0.6,0.7,.850,0.5,1.7,2.2,0.6,0.3,0.3,0.4,1.2,4.3
340,Dereck Lively II,C,19,DAL,36,35,26.0,4.2,5.6,.739,0.0,0.1,.000,4.2,5.6,.746,.739,0.9,1.6,.544,2.9,5.0,7.9,1.3,0.6,1.4,1.2,3.1,9.2
341,Isaiah Livers,PF,25,DET,23,6,20.4,1.7,5.0,.345,1.0,3.3,.286,0.8,1.7,.462,.440,0.5,0.8,.667,0.7,1.4,2.1,1.1,0.6,0.2,0.7,1.9,5.0
342,,,,,,,,,,,,,,,,,,,,,,,,,,,,,
343,Chris Livingston,SF,20,MIL,15,0,4.1,0.5,0.9,.500,0.1,0.1,1.000,0.4,0.9,.462,.536,0.1,0.1,1.000,0.1,0.8,0.9,0.3,0.1,0.0,0.2,0.5,1.1
344,Kenneth Lofton Jr.,PF,21,TOT,17,0,6.4,0.9,2.5,.349,0.2,0.7,.250,0.7,1.8,.387,.384,0.5,0.9,.533,0.1,0.9,1.1,0.8,0.2,0.2,0.5,0.9,2.4
345,Kenneth Lofton Jr.,PF,21,MEM,15,0,6.6,0.9,2.5,.378,0.2,0.7,.300,0.7,1.8,.407,.419,0.5,1.0,.533,0.1,0.9,1.0,0.9,0.2,0.2,0.4,1.0,2.6
346,Kenneth Lofton Jr.,PF,21,PHI,2,0,4.5,0.5,3.0,.167,0.0,1.0,.000,0.5,2.0,.250,.167,0.0,0.0,,0.0,1.5,1.5,0.0,0.0,0.0,1.0,0.0,1.0
347,Kevon Looney,C,27,GSW,51,36,18.3,2.1,3.5,.610,0.0,0.0,.000,2.1,3.5,.614,.610,0.8,1.2,.683,2.3,4.2,6.5,2.2,0.5,0.4,0.8,2.4,5.0
348,Brook Lopez,C,35,MIL,51,51,31.6,4.9,10.1,.489,1.8,5.1,.350,3.2,5.0,.631,.578,1.5,1.7,.831,1.6,3.9,5.5,1.7,0.6,2.7,0.9,2.6,13.1
349,Robin Lopez,C,35,MIL,16,2,4.1,0.4,1.2,.368,0.1,0.5,.250,0.3,0.7,.455,.421,0.1,0.1,1.000,0.2,0.1,0.3,0.3,0.1,0.2,0.1,0.4,1.1
350,Kevin Love,PF,35,MIA,42,5,17.6,2.8,6.5,.431,1.5,4.5,.335,1.3,2.0,.651,.547,1.8,2.2,.787,1.1,5.1,6.2,2.3,0.3,0.2,0.8,1.8,8.9
351,Kyle Lowry,PG,37,MIA,37,35,28.0,2.8,6.5,.426,1.7,4.4,.385,1.1,2.2,.506,.554,0.9,1.1,.833,0.7,2.8,3.5,4.0,1.1,0.4,1.4,2.5,8.2
352,Seth Lundy,SF,23,ATL,9,0,5.8,0.4,1.9,.235,0.3,1.4,.231,0.1,0.4,.250,.324,0.3,0.4,.750,0.1,0.7,0.8,0.0,0.0,0.0,0.1,0.7,1.6
353,Trey Lyles,PF,28,SAC,38,0,20.3,2.6,5.6,.464,1.7,4.1,.413,0.9,1.5,.607,.616,0.8,1.2,.681,0.9,3.6,4.5,1.2,0.3,0.3,0.6,1.5,7.7
354,Théo Maledon,PG,22,TOT,14,1,14.4,1.4,4.8,.284,0.4,2.1,.167,1.0,2.6,.378,.321,0.8,0.9,.917,0.3,1.4,1.6,2.0,0.5,0.0,1.1,1.3,3.9
355,Théo Maledon,PG,22,CHO,13,1,15.4,1.5,5.1,.288,0.4,2.3,.167,1.1,2.8,.389,.326,0.8,0.9,.917,0.3,1.5,1.8,2.2,0.5,0.0,1.2,1.4,4.2
356,Théo Maledon,PG,22,PHO,1,0,1.0,0.0,1.0,.000,0.0,0.0,,0.0,1.0,.000,.000,0.0,0.0,,0.0,0.0,0.0,0.0,0.0,0.0,0.0,0.0,0.0
357,Sandro Mamukelashvili,C,24,SAS,29,0,6.6,0.9,2.2,.422,0.3,1.2,.235,0.7,1.0,.633,.484,0.4,0.6,.706,0.6,1.2,1.8,0.9,0.1,0.3,0.3,0.7,2.6
358,Terance Mann,SG,27,LAC,46,42,24.9,2.8,6.2,.463,0.8,2.8,.307,2.0,3.4,.590,.532,0.8,1.1,.780,1.2,2.0,3.1,1.7,0.6,0.2,0.6,1.8,7.4
359,Tre Mann,PG,22,TOT,15,2,12.0,1.9,4.1,.468,0.7,1.8,.370,1.3,2.3,.543,.548,0.1,0.1,1.000,0.4,2.1,2.5,2.4,0.3,0.0,1.0,0.3,4.6
360,Tre Mann,PG,22,OKC,13,0,9.2,1.5,3.1,.500,0.6,1.5,.421,0.9,1.6,.571,.600,0.1,0.1,1.000,0.3,1.5,1.8,1.5,0.2,0.0,0.7,0.2,3.8
361,Tre Mann,PG,22,CHO,2,2,30.5,4.5,11.0,.409,1.0,4.0,.250,3.5,7.0,.500,.455,0.0,0.0,,1.0,5.5,6.5,8.0,1.0,0.0,3.0,1.0,10.0
362,Boban Marjanović,C,35,HOU,9,0,5.3,1.1,2.3,.476,0.0,0.2,.000,1.1,2.1,.526,.476,0.3,0.7,.500,0.7,1.8,2.4,0.4,0.0,0.1,0.2,0.4,2.6
363,Lauri Markkanen,PF,26,UTA,44,44,32.7,8.0,16.0,.501,3.3,8.0,.406,4.8,8.0,.595,.602,4.3,4.9,.884,2.3,6.2,8.5,1.9,0.9,0.5,1.3,1.9,23.6
364,Naji Marshall,SF,26,NOP,43,1,18.4,2.6,5.7,.451,0.8,2.2,.379,1.7,3.5,.497,.525,1.4,1.8,.792,1.0,2.5,3.5,2.0,0.7,0.2,1.0,1.5,7.4
365,Caleb Martin,SF,28,MIA,36,15,26.6,4.0,8.7,.455,1.2,3.2,.368,2.8,5.6,.505,.522,1.2,1.6,.754,1.3,3.4,4.7,2.1,0.8,0.3,1.1,2.1,10.3
366,Cody Martin,SF,28,CHO,21,15,26.2,3.0,7.8,.387,1.0,3.0,.344,2.0,4.7,.414,.454,0.7,1.3,.536,0.7,3.0,3.6,3.4,1.0,0.6,1.6,1.8,7.8
367,KJ Martin,SF,23,TOT,39,1,10.7,1.4,2.6,.545,0.1,0.5,.222,1.3,2.1,.614,.564,0.4,0.7,.500,0.4,1.2,1.5,0.6,0.4,0.1,0.5,1.5,3.3
368,KJ Martin,SF,23,LAC,2,0,15.5,2.0,5.0,.400,0.5,2.5,.200,1.5,2.5,.600,.450,0.5,1.0,.500,0.5,1.0,1.5,0.5,1.0,0.5,1.0,1.5,5.0
369,KJ Martin,SF,23,PHI,37,1,10.4,1.4,2.5,.560,0.1,0.4,.231,1.3,2.1,.615,.577,0.4,0.7,.500,0.4,1.2,1.5,0.6,0.4,0.1,0.5,1.5,3.2
370,Garrison Mathews,SG,27,ATL,38,4,12.5,1.2,2.5,.469,1.1,2.3,.455,0.1,0.2,.625,.677,0.3,0.4,.667,0.2,1.0,1.2,0.5,0.2,0.1,0.4,1.6,3.7
371,,,,,,,,,,,,,,,,,,,,,,,,,,,,,
372,Bennedict Mathurin,SF,21,IND,52,15,25.5,4.9,10.9,.450,1.2,3.4,.366,3.7,7.6,.487,.506,3.0,3.6,.825,1.0,2.8,3.8,1.9,0.5,0.2,1.7,1.8,14.1
373,Wesley Matthews,SG,37,ATL,21,1,11.0,0.6,2.2,.283,0.4,1.7,.250,0.2,0.5,.400,.380,0.7,0.9,.737,0.2,1.1,1.3,0.6,0.5,0.2,0.3,1.3,2.3
374,Tyrese Maxey,PG,23,PHI,48,48,37.2,8.9,19.8,.447,3.1,8.1,.380,5.8,11.8,.494,.525,4.8,5.6,.852,0.5,3.1,3.6,6.4,1.0,0.5,1.6,2.2,25.6
375,Skylar Mays,PG-SG,26,TOT,28,5,14.6,2.1,5.5,.390,0.6,1.9,.296,1.6,3.6,.440,.442,0.5,0.6,.765,0.4,1.1,1.5,3.0,0.6,0.1,0.7,0.9,5.3
376,Skylar Mays,PG,26,POR,21,5,17.0,2.5,6.6,.384,0.7,2.3,.286,1.9,4.2,.438,.435,0.6,0.8,.765,0.4,1.3,1.8,3.6,0.7,0.1,0.9,1.0,6.3
377,Skylar Mays,SG,26,LAL,7,0,7.7,1.0,2.3,.438,0.3,0.7,.400,0.7,1.6,.455,.500,0.0,0.0,,0.1,0.4,0.6,1.1,0.4,0.1,0.1,0.6,2.3
378,Miles McBride,PG,23,NYK,41,3,12.0,2.1,4.8,.447,1.1,2.7,.411,1.0,2.1,.494,.563,0.4,0.5,.818,0.2,0.7,0.9,1.0,0.5,0.1,0.4,1.1,5.9
379,CJ McCollum,PG,32,NOP,40,40,32.0,6.8,14.8,.459,3.4,8.0,.424,3.4,6.8,.502,.574,1.9,2.4,.787,0.6,3.8,4.3,4.6,1.1,0.8,1.7,2.2,18.9
380,T.J. McConnell,PG,31,IND,44,4,17.4,3.7,6.8,.540,0.1,0.4,.158,3.6,6.4,.566,.545,0.8,1.1,.766,0.5,2.1,2.6,5.5,1.0,0.1,1.5,1.1,8.3
381,Jaden McDaniels,SF,23,MIN,43,42,28.8,4.4,8.7,.513,1.3,3.4,.367,3.2,5.2,.609,.586,0.6,0.8,.771,0.7,1.9,2.6,1.3,0.9,0.5,1.3,3.1,10.8
382,Jalen McDaniels,SF,26,TOR,33,0,8.9,1.1,3.2,.333,0.3,1.6,.208,0.7,1.6,.462,.386,0.4,0.6,.700,0.3,1.0,1.3,0.5,0.3,0.1,0.5,0.9,2.9
383,Doug McDermott,SF,32,TOT,48,0,14.9,2.0,4.6,.432,1.6,3.7,.427,0.4,0.9,.452,.605,0.2,0.4,.588,0.2,0.8,1.0,1.2,0.2,0.0,0.5,1.0,5.8
384,Doug McDermott,SF,32,SAS,46,0,15.2,2.1,4.7,.442,1.7,3.8,.439,0.4,0.9,.452,.619,0.2,0.4,.588,0.2,0.9,1.0,1.2,0.2,0.0,0.5,1.0,6.0
385,Doug McDermott,SF,32,IND,2,0,7.5,0.0,2.5,.000,0.0,2.5,.000,0.0,0.0,,.000,0.0,0.0,,0.0,0.0,0.0,0.5,0.0,0.0,0.0,1.0,0.0
386,JaVale McGee,C,36,SAC,39,0,7.9,1.9,3.0,.629,0.0,0.1,.000,1.9,2.9,.652,.629,0.6,1.1,.581,0.9,1.9,2.9,0.4,0.2,0.5,0.8,1.1,4.4
387,Bryce McGowens,SG,21,CHO,42,13,16.7,2.0,4.3,.459,0.7,2.0,.357,1.3,2.3,.546,.541,1.0,1.4,.754,0.4,1.5,1.9,1.0,0.4,0.1,0.6,1.5,5.7
388,Jordan McLaughlin,PG,27,MIN,31,0,9.1,1.0,2.4,.405,0.5,1.4,.405,0.4,1.0,.406,.520,0.1,0.3,.500,0.3,0.7,1.1,1.7,0.7,0.2,0.4,0.5,2.6
389,De'Anthony Melton,SG,25,PHI,33,33,29.1,3.9,9.9,.393,2.1,5.8,.363,1.8,4.1,.437,.500,1.9,2.3,.827,0.8,3.2,4.0,3.2,1.6,0.5,1.2,2.4,11.8
390,Nathan Mensah,C,25,CHO,25,0,12.3,0.5,1.1,.429,0.0,0.0,,0.5,1.1,.429,.429,0.4,0.5,.750,1.2,1.4,2.6,0.4,0.2,0.6,0.6,2.6,1.3
391,Sam Merrill,SG,27,CLE,37,0,15.6,2.7,6.2,.439,2.4,5.3,.442,0.4,0.8,.419,.629,0.3,0.3,.909,0.4,1.4,1.8,1.5,0.4,0.0,0.3,1.2,8.0
392,Chimezie Metu,C,26,PHO,37,5,12.1,1.8,3.5,.508,0.4,1.4,.294,1.4,2.1,.646,.565,1.0,1.2,.884,0.6,2.3,3.0,0.5,0.5,0.2,0.7,1.1,5.0
393,Vasilije Micić,PG,30,TOT,32,0,12.8,1.4,3.3,.430,0.4,1.5,.265,1.0,1.8,.569,.491,0.4,0.6,.737,0.1,0.8,0.9,2.8,0.3,0.1,1.1,0.8,3.7
394,Vasilije Micić,PG,30,OKC,30,0,12.0,1.2,3.0,.407,0.4,1.5,.244,0.9,1.5,.565,.467,0.5,0.6,.737,0.0,0.8,0.8,2.5,0.3,0.1,1.0,0.7,3.3
395,Vasilije Micić,PG,30,CHO,2,0,23.5,4.5,8.0,.563,1.0,2.0,.500,3.5,6.0,.583,.625,0.0,0.0,,0.5,1.5,2.0,6.5,0.0,0.0,2.5,2.0,10.0
396,Khris Middleton,SF,32,MIL,43,43,26.3,5.6,11.6,.487,1.7,4.5,.378,3.9,7.1,.556,.560,1.8,2.2,.832,0.6,3.7,4.3,5.0,0.9,0.3,2.1,2.4,14.8
397,Brandon Miller,SF,21,CHO,47,41,31.3,6.1,13.8,.445,2.3,6.0,.384,3.9,7.9,.491,.528,1.8,2.2,.827,0.8,3.2,4.0,2.3,0.8,0.5,1.6,2.6,16.4
398,,,,,,,,,,,,,,,,,,,,,,,,,,,,,
399,Jordan Miller,SF,24,LAC,5,0,4.2,0.8,1.2,.667,0.2,0.2,1.000,0.6,1.0,.600,.750,0.4,0.4,1.000,0.4,0.4,0.8,0.0,0.0,0.0,0.2,0.4,2.2
400,Leonard Miller,SF,20,MIN,6,0,3.5,1.2,1.7,.700,0.2,0.5,.333,1.0,1.2,.857,.750,0.0,0.0,,0.2,1.5,1.7,0.2,0.2,0.2,0.2,0.5,2.5
401,Dariq Whitehead,SF,19,BRK,2,0,12.0,0.5,2.5,.200,0.0,1.5,.000,0.5,1.0,.500,.200,0.5,1.0,.500,0.0,2.0,2.0,1.5,0.0,0.5,0.0,0.0,1.5
402,Patty Mills,PG,35,ATL,19,0,10.6,1.0,2.7,.373,0.7,1.8,.382,0.3,0.9,.353,.500,0.0,0.0,,0.3,0.8,1.1,0.7,0.5,0.1,0.4,0.9,2.7
403,Shake Milton,SG,27,TOT,39,0,12.9,1.7,4.2,.400,0.4,1.4,.259,1.3,2.8,.468,.442,0.9,1.1,.818,0.2,1.2,1.4,1.3,0.4,0.1,0.7,1.2,4.7
404,Shake Milton,SG,27,MIN,38,0,12.9,1.7,4.2,.400,0.4,1.4,.264,1.3,2.8,.467,.444,0.9,1.2,.818,0.2,1.2,1.3,1.3,0.4,0.1,0.7,1.2,4.7
405,Shake Milton,SG,27,DET,1,0,12.0,2.0,5.0,.400,0.0,1.0,.000,2.0,4.0,.500,.400,0.0,0.0,,1.0,2.0,3.0,0.0,1.0,0.0,0.0,1.0,4.0
406,Justin Minaya,SF,24,POR,16,0,8.8,0.4,1.4,.273,0.2,0.9,.214,0.2,0.5,.375,.341,0.2,0.4,.500,0.5,0.6,1.1,0.4,0.3,0.3,0.3,0.6,1.1
407,Josh Minott,SF,21,MIN,17,0,3.1,0.6,1.2,.476,0.1,0.4,.167,0.5,0.9,.600,.500,0.6,0.7,.833,0.2,0.2,0.4,0.2,0.1,0.2,0.1,0.4,1.8
408,Davion Mitchell,PG,25,SAC,42,3,13.2,1.5,3.7,.403,0.5,1.8,.299,0.9,1.8,.506,.477,0.4,0.5,.783,0.2,0.9,1.1,1.8,0.2,0.0,0.6,1.2,3.9
409,Donovan Mitchell,SG,27,CLE,43,43,35.4,9.9,20.9,.475,3.3,9.2,.363,6.6,11.7,.563,.555,5.2,6.0,.862,1.0,4.4,5.4,6.3,1.9,0.5,2.8,2.1,28.3
410,Evan Mobley,PF,22,CLE,29,29,31.2,6.7,11.4,.583,0.3,0.8,.391,6.3,10.6,.597,.597,2.2,2.9,.765,2.4,7.9,10.2,2.9,0.8,1.5,2.0,2.9,15.9
411,Isaiah Mobley,PF,24,CLE,3,0,4.7,0.7,1.3,.500,0.3,0.7,.500,0.3,0.7,.500,.625,0.0,0.0,,0.0,0.7,0.7,1.3,0.3,0.0,0.3,0.7,1.7
412,Malik Monk,SG,25,SAC,51,0,25.6,5.3,11.7,.451,2.3,6.1,.385,2.9,5.6,.521,.550,2.3,2.8,.807,0.4,2.4,2.7,5.3,0.6,0.6,2.1,2.0,15.2
413,Moses Moody,SG,21,GSW,38,4,17.6,3.0,6.5,.463,1.1,3.1,.347,1.9,3.4,.570,.547,1.2,1.5,.789,1.1,1.9,3.0,0.8,0.7,0.4,0.7,1.3,8.3
414,Xavier Moon,SG,29,LAC,2,0,6.0,0.5,1.0,.500,0.0,0.5,.000,0.5,0.5,1.000,.500,0.0,0.0,,0.0,1.0,1.0,1.5,0.0,0.0,0.5,0.5,1.0
415,Taze Moore,SG,25,POR,3,0,3.3,1.0,1.7,.600,0.0,0.7,.000,1.0,1.0,1.000,.600,0.0,0.0,,0.0,0.0,0.0,0.3,0.3,0.0,0.3,0.7,2.0
416,Wendell Moore Jr.,SG,22,MIN,14,0,3.1,0.4,0.7,.500,0.0,0.3,.000,0.4,0.4,.833,.500,0.0,0.0,,0.0,0.4,0.4,0.1,0.4,0.1,0.2,0.3,0.7
417,Ja Morant,PG,24,MEM,9,9,35.3,8.9,18.9,.471,1.6,5.7,.275,7.3,13.2,.555,.512,5.8,7.1,.813,0.7,4.9,5.6,8.1,0.8,0.6,3.0,2.1,25.1
418,Marcus Morris,PF,34,PHI,37,7,17.2,2.4,5.5,.439,1.0,2.4,.400,1.5,3.1,.470,.527,0.8,1.0,.861,0.5,2.5,2.9,0.7,0.4,0.3,0.5,1.6,6.7
419,Markieff Morris,PF,34,DAL,17,1,9.2,0.9,2.9,.327,0.6,1.8,.333,0.4,1.1,.316,.429,0.2,0.2,.750,0.2,1.5,1.8,0.6,0.3,0.1,0.5,0.6,2.6
420,Monte Morris,PG,28,TOT,7,0,12.3,2.0,5.4,.368,0.4,2.1,.200,1.6,3.3,.478,.408,0.1,0.3,.500,0.3,1.7,2.0,1.4,0.3,0.3,0.3,0.3,4.6
421,Monte Morris,PG,28,DET,6,0,11.3,2.0,5.5,.364,0.3,1.8,.182,1.7,3.7,.455,.394,0.2,0.3,.500,0.3,1.7,2.0,1.3,0.2,0.2,0.3,0.2,4.5
422,Monte Morris,PG,28,MIN,1,0,18.0,2.0,5.0,.400,1.0,4.0,.250,1.0,1.0,1.000,.500,0.0,0.0,,0.0,2.0,2.0,2.0,1.0,1.0,0.0,1.0,5.0
423,,,,,,,,,,,,,,,,,,,,,,,,,,,,,
424,Trey Murphy III,SF,23,NOP,29,6,25.6,4.3,9.8,.439,2.5,6.9,.362,1.8,3.0,.616,.565,1.6,2.0,.793,0.5,3.2,3.7,1.6,0.7,0.4,0.5,1.2,12.7
425,Dejounte Murray,SG,27,ATL,51,51,35.1,8.2,17.7,.465,2.3,6.3,.369,5.9,11.4,.518,.530,2.8,3.4,.828,0.7,4.4,5.1,5.4,1.3,0.3,2.3,1.8,21.6
426,Jamal Murray,PG,26,DEN,40,40,31.5,7.7,16.5,.468,2.4,5.9,.411,5.3,10.6,.500,.542,2.7,3.2,.849,0.7,3.3,3.9,6.5,0.8,0.7,2.0,1.9,20.5
427,Keegan Murray,SF,23,SAC,48,48,32.4,5.8,12.4,.464,2.3,6.4,.357,3.5,6.1,.575,.555,1.4,1.7,.802,1.3,4.0,5.3,1.7,1.1,0.6,0.8,2.6,15.2
428,Kris Murray,SF,23,POR,32,1,13.5,1.4,3.5,.407,0.6,1.8,.321,0.9,1.8,.491,.487,0.3,0.4,.667,0.7,1.3,1.9,0.7,0.8,0.2,0.5,0.8,3.7
429,Mike Muscala,C,32,TOT,35,6,14.0,1.3,3.6,.373,0.8,2.3,.338,0.6,1.3,.435,.480,0.5,0.6,.727,0.9,2.0,2.9,0.9,0.2,0.3,0.5,1.2,3.9
430,Mike Muscala,C,32,WAS,24,2,14.1,1.4,3.8,.367,0.6,2.1,.275,0.8,1.6,.487,.444,0.6,0.8,.750,0.9,2.2,3.1,0.9,0.2,0.3,0.7,1.3,4.0
431,Mike Muscala,C,32,DET,11,4,13.8,1.3,3.3,.389,1.2,2.6,.448,0.1,0.6,.143,.569,0.1,0.2,.500,0.7,1.6,2.4,0.7,0.1,0.5,0.2,1.1,3.8
432,Svi Mykhailiuk,SF,26,BOS,22,0,7.6,1.0,2.9,.333,0.7,2.4,.308,0.2,0.5,.455,.460,0.1,0.3,.500,0.2,0.7,0.9,0.5,0.3,0.0,0.3,0.5,2.8
433,Larry Nance Jr.,C,31,NOP,36,0,18.6,2.1,3.8,.570,0.5,1.2,.452,1.6,2.6,.624,.641,0.7,0.9,.735,1.3,3.8,5.1,1.5,1.0,0.4,0.7,1.4,5.5
434,Pete Nance,PF,23,CLE,2,0,2.0,0.0,1.0,.000,0.0,0.0,,0.0,1.0,.000,.000,0.0,0.0,,0.0,0.0,0.0,0.0,0.0,0.0,0.0,0.0,0.0
435,Andrew Nembhard,PG,24,IND,41,20,22.6,3.8,7.7,.489,0.7,2.2,.333,3.0,5.5,.551,.537,0.7,0.9,.800,0.6,1.2,1.8,4.6,0.9,0.1,1.7,2.0,8.9
436,Aaron Nesmith,SF,24,IND,50,25,27.3,4.6,8.9,.524,2.1,4.6,.457,2.5,4.2,.597,.643,1.3,1.9,.702,1.0,3.0,3.9,1.4,1.1,0.6,1.0,3.4,12.7
437,Georges Niang,PF,30,CLE,52,1,21.7,3.3,7.7,.430,1.7,4.8,.355,1.6,2.9,.553,.540,0.6,0.7,.868,0.3,3.3,3.7,1.2,0.2,0.2,0.7,2.3,8.9
438,Daishen Nix,PG,21,MIN,8,0,3.3,0.8,1.8,.429,0.5,1.1,.444,0.3,0.6,.400,.571,0.0,0.3,.000,0.0,0.1,0.1,0.1,0.1,0.0,0.0,0.0,2.0
439,Zeke Nnaji,PF,23,DEN,39,0,9.6,1.2,2.6,.437,0.1,0.5,.278,1.0,2.2,.471,.461,0.7,1.1,.651,1.1,1.0,2.2,0.6,0.3,0.5,0.6,1.5,3.2
440,Jaylen Nowell,SG,24,MEM,9,1,17.3,2.4,6.1,.400,0.4,2.6,.174,2.0,3.6,.563,.436,0.3,0.3,1.000,0.3,1.2,1.6,1.8,0.3,0.0,0.6,1.4,5.7
441,Markquis Nowell,SG,24,TOR,1,0,4.0,0.0,1.0,.000,0.0,0.0,,0.0,1.0,.000,.000,2.0,2.0,1.000,2.0,0.0,2.0,2.0,1.0,0.0,0.0,0.0,2.0
442,Frank Ntilikina,PG,25,CHO,5,0,8.6,0.2,1.8,.111,0.2,1.6,.125,0.0,0.2,.000,.167,0.4,0.4,1.000,0.2,1.0,1.2,0.8,0.0,0.0,0.2,0.8,1.0
443,Jusuf Nurkić,C,29,PHO,50,50,27.4,4.6,9.0,.517,0.4,1.7,.250,4.2,7.3,.578,.540,2.2,3.2,.689,2.6,7.6,10.2,3.7,1.0,1.0,2.1,3.4,11.9
444,Jordan Nwora,SF,25,TOT,27,0,11.2,2.1,4.7,.444,0.7,2.1,.345,1.3,2.5,.529,.524,0.9,1.0,.857,0.5,1.5,2.0,1.1,0.4,0.1,0.7,1.1,5.8
445,Jordan Nwora,SF,25,IND,18,0,10.2,2.1,4.6,.451,0.6,2.0,.306,1.4,2.6,.565,.518,0.5,0.6,.818,0.4,1.4,1.8,1.0,0.3,0.1,0.7,1.1,5.2
446,Jordan Nwora,SF,25,TOR,9,0,13.2,2.1,4.9,.432,1.0,2.4,.409,1.1,2.4,.455,.534,1.7,1.9,.882,0.6,1.7,2.2,1.4,0.6,0.2,0.8,1.3,6.9
447,Royce O'Neale,SF,30,TOT,50,6,24.3,2.5,6.6,.387,2.0,5.3,.367,0.6,1.2,.475,.537,0.3,0.4,.682,0.8,3.7,4.5,2.8,0.7,0.6,1.0,2.4,7.3
448,Royce O'Neale,SF,30,BRK,49,6,24.5,2.6,6.6,.388,2.0,5.4,.366,0.6,1.2,.483,.537,0.3,0.4,.682,0.8,3.7,4.5,2.8,0.7,0.6,1.0,2.4,7.4
449,Royce O'Neale,SF,30,PHO,1,0,11.0,1.0,3.0,.333,1.0,2.0,.500,0.0,1.0,.000,.500,0.0,0.0,,2.0,2.0,4.0,1.0,1.0,1.0,1.0,2.0,3.0
450,,,,,,,,,,,,,,,,,,,,,,,,,,,,,
451,Chuma Okeke,SF,25,ORL,31,8,12.1,1.2,3.2,.378,0.7,2.3,.310,0.5,0.9,.556,.490,0.1,0.2,.400,0.6,1.7,2.3,0.5,0.2,0.2,0.4,0.6,3.2
452,Josh Okogie,SG,25,PHO,47,11,17.6,1.6,3.7,.426,0.5,1.7,.288,1.1,2.0,.542,.491,1.4,1.9,.719,1.3,1.5,2.8,1.1,0.9,0.4,0.5,1.3,5.0
453,Onyeka Okongwu,C,23,ATL,53,8,25.8,4.0,6.6,.610,0.4,1.2,.338,3.6,5.4,.671,.641,1.7,2.2,.800,2.7,4.3,7.0,1.3,0.4,1.1,0.8,3.0,10.2
454,Isaac Okoro,SF,23,CLE,43,24,26.2,3.2,6.4,.491,1.0,2.5,.385,2.2,3.9,.560,.567,1.5,2.2,.684,1.2,2.0,3.2,1.9,0.9,0.5,0.8,2.0,8.8
455,Kelly Olynyk,C,32,TOT,52,8,20.4,3.0,5.3,.558,0.7,1.7,.422,2.3,3.6,.622,.626,1.7,1.9,.851,1.3,3.8,5.1,4.3,0.8,0.3,1.6,2.6,8.3
456,Kelly Olynyk,C,32,UTA,50,8,20.4,2.9,5.2,.562,0.7,1.7,.429,2.2,3.5,.626,.632,1.6,1.9,.842,1.3,3.8,5.1,4.4,0.7,0.2,1.6,2.6,8.1
457,Kelly Olynyk,C,32,TOR,2,0,21.5,5.0,10.0,.500,1.0,3.0,.333,4.0,7.0,.571,.550,3.0,3.0,1.000,2.0,3.5,5.5,2.5,3.0,0.5,1.5,1.5,14.0
458,Eugene Omoruyi,SF,26,WAS,23,0,7.3,1.8,3.5,.506,0.3,1.0,.273,1.5,2.6,.593,.543,1.0,1.3,.759,1.0,1.3,2.2,0.8,0.7,0.0,0.6,1.3,4.8
459,Cedi Osman,SF,28,SAS,54,1,18.0,2.7,5.6,.475,1.2,3.2,.379,1.5,2.4,.603,.584,0.6,0.9,.680,0.4,2.2,2.6,1.7,0.5,0.2,0.7,1.5,7.2
460,Kelly Oubre Jr.,SF,28,PHI,41,30,28.9,5.3,11.4,.464,1.5,4.6,.326,3.8,6.8,.556,.529,2.1,2.9,.739,1.2,3.3,4.5,1.1,1.1,0.6,0.8,2.8,14.2
461,Chris Paul,PG,38,GSW,32,11,27.6,3.3,7.7,.424,1.3,3.7,.361,1.9,3.9,.484,.512,1.1,1.3,.833,0.3,3.5,3.8,7.2,1.1,0.1,1.2,1.8,8.9
462,Cameron Payne,PG,29,TOT,50,3,15.7,2.3,5.1,.449,1.1,2.9,.390,1.2,2.2,.527,.561,0.9,1.1,.849,0.2,1.2,1.4,2.5,0.5,0.1,0.7,1.5,6.6
463,Cameron Payne,PG,29,MIL,47,2,14.9,2.1,4.7,.455,1.1,2.8,.397,1.0,1.9,.538,.572,0.8,0.9,.841,0.1,1.2,1.3,2.3,0.5,0.1,0.7,1.6,6.2
464,Cameron Payne,PG,29,PHI,3,1,27.0,4.7,11.3,.412,1.7,5.0,.333,3.0,6.3,.474,.485,2.7,3.0,.889,1.0,1.0,2.0,5.3,0.7,0.3,1.0,1.3,13.7
465,Gary Payton II,SG,31,GSW,18,0,16.2,2.5,4.9,.511,0.6,1.9,.324,1.9,3.0,.630,.574,0.4,0.6,.727,1.1,1.9,3.0,0.9,1.0,0.3,0.6,1.8,6.1
466,Drew Peterson,PF,24,BOS,1,0,3.0,1.0,1.0,1.000,1.0,1.0,1.000,0.0,0.0,,1.500,0.0,0.0,,0.0,0.0,0.0,1.0,0.0,0.0,0.0,1.0,3.0
467,Filip Petrušev,C,23,TOT,3,0,3.3,0.3,0.7,.500,0.0,0.0,,0.3,0.7,.500,.500,0.3,0.7,.500,0.0,0.3,0.3,0.0,0.0,0.0,0.0,0.3,1.0
468,Filip Petrušev,C,23,PHI,1,0,3.0,0.0,0.0,,0.0,0.0,,0.0,0.0,,,0.0,0.0,,0.0,1.0,1.0,0.0,0.0,0.0,0.0,0.0,0.0
469,Filip Petrušev,C,23,SAC,2,0,3.5,0.5,1.0,.500,0.0,0.0,,0.5,1.0,.500,.500,0.5,1.0,.500,0.0,0.0,0.0,0.0,0.0,0.0,0.0,0.5,1.5
470,Julian Phillips,SF,20,CHI,30,0,6.6,0.6,1.5,.400,0.2,0.8,.217,0.4,0.7,.591,.456,0.2,0.4,.545,0.2,0.4,0.6,0.3,0.0,0.2,0.2,1.0,1.6
471,Jalen Pickett,SG,24,DEN,16,0,6.1,0.8,1.8,.429,0.4,1.3,.350,0.3,0.5,.625,.554,0.1,0.1,1.000,0.1,0.6,0.7,0.8,0.2,0.0,0.4,0.5,2.1
472,Scotty Pippen Jr.,PG,23,MEM,8,4,22.6,3.5,7.4,.475,1.6,2.9,.565,1.9,4.5,.417,.585,1.9,2.6,.714,1.0,2.4,3.4,4.5,1.0,0.5,1.9,2.6,10.5
473,Mason Plumlee,C,33,LAC,22,9,17.7,2.4,3.5,.667,0.0,0.0,,2.4,3.5,.667,.667,1.7,2.6,.667,1.5,4.4,5.8,1.2,0.3,0.4,0.7,1.5,6.5
474,Brandin Podziemski,SG,20,GSW,45,13,26.1,3.8,8.3,.456,1.2,3.2,.361,2.6,5.1,.515,.525,0.8,1.2,.642,1.5,4.3,5.8,3.7,0.9,0.2,1.3,1.9,9.5
475,Jakob Poeltl,C,28,TOR,43,43,26.7,4.8,7.1,.682,0.0,0.0,,4.8,7.1,.682,.682,1.2,2.2,.548,2.7,5.7,8.4,2.3,0.7,1.5,1.6,3.0,10.9
476,Aleksej Pokusevski,PF,22,OKC,10,0,6.0,0.4,1.6,.250,0.2,1.1,.182,0.2,0.5,.400,.313,0.2,0.4,.500,0.2,0.8,1.0,0.5,0.1,0.1,0.3,0.5,1.2
477,,,,,,,,,,,,,,,,,,,,,,,,,,,,,
478,Jordan Poole,SG,24,WAS,51,51,29.1,5.6,14.0,.399,1.9,6.3,.297,3.7,7.7,.482,.466,2.5,2.9,.859,0.4,2.0,2.4,3.6,1.1,0.4,2.1,3.2,15.6
479,Craig Porter Jr.,PG,23,CLE,32,5,14.7,2.6,5.2,.509,0.2,0.7,.333,2.4,4.5,.535,.530,1.0,1.4,.696,0.5,2.0,2.5,2.8,0.5,0.4,1.0,0.9,6.5
480,Jontay Porter,PF,24,TOR,17,5,13.0,1.5,4.1,.371,0.7,2.2,.324,0.8,1.9,.424,.457,0.6,0.7,.917,1.0,2.2,3.2,1.8,0.7,0.6,0.6,1.6,4.4
481,Michael Porter Jr.,SF,25,DEN,53,53,31.5,6.1,13.0,.470,2.7,6.9,.393,3.4,6.1,.557,.574,1.0,1.3,.791,1.3,5.6,7.0,1.4,0.5,0.7,1.1,1.9,15.9
482,Otto Porter Jr.,SF,30,TOR,15,1,11.6,0.9,2.2,.424,0.5,1.5,.348,0.4,0.7,.600,.545,0.2,0.2,1.000,0.4,1.5,1.9,0.5,0.3,0.3,0.1,1.3,2.6
483,Bobby Portis,PF,28,MIL,54,1,23.9,5.1,10.3,.492,1.1,3.0,.380,3.9,7.3,.538,.548,1.3,1.6,.787,1.6,5.3,7.0,1.1,0.8,0.4,1.0,2.5,12.6
484,Kristaps Porziņģis,C,28,BOS,39,39,29.9,6.8,12.9,.529,1.8,5.1,.360,5.0,7.8,.637,.599,4.9,5.8,.845,1.6,5.4,7.0,1.9,0.6,1.9,1.7,2.9,20.4
485,Micah Potter,PF,25,UTA,2,0,3.5,0.0,0.5,.000,0.0,0.5,.000,0.0,0.0,,.000,0.0,0.0,,0.0,2.0,2.0,0.0,0.0,0.0,0.0,0.0,0.0
486,Dwight Powell,C,32,DAL,46,8,15.6,1.4,2.0,.710,0.0,0.0,.500,1.4,2.0,.714,.715,1.3,1.8,.728,1.8,2.2,3.9,1.6,0.5,0.4,0.6,2.2,4.2
487,Norman Powell,SG,30,LAC,52,0,25.1,4.7,9.5,.492,2.0,4.6,.445,2.6,4.9,.535,.599,1.9,2.2,.843,0.2,2.4,2.6,1.0,0.5,0.3,0.8,1.8,13.3
488,Jason Preston,PG,24,UTA,1,0,1.0,0.0,0.0,,0.0,0.0,,0.0,0.0,,,0.0,0.0,,1.0,0.0,1.0,0.0,0.0,0.0,1.0,0.0,0.0
489,Joshua Primo,SG,21,LAC,1,0,5.0,1.0,2.0,.500,0.0,1.0,.000,1.0,1.0,1.000,.500,0.0,0.0,,0.0,0.0,0.0,0.0,0.0,1.0,3.0,0.0,2.0
490,Taurean Prince,PF,29,LAL,51,47,30.2,3.5,7.9,.436,2.0,5.2,.386,1.5,2.7,.529,.562,0.7,1.0,.735,0.2,2.7,2.9,1.7,0.9,0.5,0.9,2.2,9.6
491,Payton Pritchard,PG,26,BOS,53,0,20.6,2.8,6.6,.428,1.7,4.5,.373,1.2,2.1,.545,.555,0.6,0.7,.811,0.9,2.3,3.2,2.8,0.4,0.1,0.6,1.2,7.8
492,Olivier-Maxence Prosper,PF,21,DAL,29,0,8.6,0.8,2.4,.348,0.3,1.1,.242,0.6,1.2,.444,.406,0.8,1.2,.676,0.6,1.4,2.0,0.7,0.1,0.1,0.1,0.6,2.7
493,Trevelin Queen,SG,26,ORL,12,0,12.9,1.2,3.0,.389,0.3,1.3,.188,0.9,1.7,.550,.431,0.8,1.0,.750,0.3,1.3,1.5,1.5,0.6,0.4,0.6,1.2,3.3
494,Neemias Queta,C,24,BOS,22,0,12.2,2.0,3.4,.608,0.0,0.0,,2.0,3.4,.608,.608,0.7,0.9,.750,1.9,2.5,4.5,0.5,0.4,0.6,0.4,1.9,4.8
495,Immanuel Quickley,SG-PG,24,TOT,49,19,27.1,5.2,12.2,.430,2.3,5.8,.404,2.9,6.4,.454,.526,2.7,3.1,.851,0.2,2.8,3.1,3.7,0.6,0.1,1.1,1.6,15.5
496,Immanuel Quickley,SG,24,NYK,30,0,24.0,5.1,11.2,.454,2.1,5.4,.395,2.9,5.8,.509,.549,2.7,3.1,.872,0.2,2.4,2.6,2.5,0.5,0.1,1.0,1.5,15.0
497,Immanuel Quickley,PG,24,TOR,19,19,31.9,5.5,13.8,.399,2.7,6.5,.415,2.8,7.4,.386,.496,2.6,3.2,.817,0.4,3.5,3.8,5.7,0.7,0.2,1.3,1.8,16.3
498,Lester Quinones,SG,23,GSW,17,0,12.9,1.6,4.2,.389,1.1,2.6,.400,0.6,1.6,.370,.514,0.5,0.7,.667,0.8,1.7,2.5,1.1,0.2,0.1,0.7,1.5,4.8
499,Julius Randle,PF,29,NYK,46,46,35.4,8.6,18.2,.472,1.7,5.3,.311,6.9,12.9,.539,.518,5.1,6.6,.781,2.2,7.0,9.2,5.0,0.5,0.3,3.5,2.7,24.0
500,,,,,,,,,,,,,,,,,,,,,,,,,,,,,
501,Duop Reath,C,27,POR,38,11,17.6,3.3,6.9,.485,1.4,3.6,.393,1.9,3.3,.583,.586,1.0,1.3,.760,1.4,2.5,3.8,1.2,0.5,0.5,0.8,2.5,9.1
502,Austin Reaves,SG,25,LAL,54,29,31.0,5.4,11.2,.488,1.7,4.7,.359,3.7,6.4,.582,.564,3.1,3.6,.858,0.7,3.2,3.9,5.4,0.9,0.2,2.1,1.9,15.7
503,Cam Reddish,SF,24,LAL,35,26,23.3,2.4,5.9,.405,0.9,2.7,.337,1.5,3.1,.464,.483,1.0,1.3,.783,0.5,1.9,2.4,1.3,1.2,0.3,0.9,1.6,6.7
504,Paul Reed,C,24,PHI,53,17,17.3,2.8,5.2,.544,0.2,0.6,.313,2.6,4.6,.574,.562,0.6,0.8,.714,2.1,3.2,5.3,1.2,0.7,0.8,0.7,2.3,6.4
505,Naz Reid,C,24,MIN,53,0,22.5,4.7,9.5,.489,1.9,4.6,.415,2.7,4.9,.560,.590,1.1,1.4,.760,0.9,3.8,4.6,1.1,0.7,0.7,1.2,2.0,12.3
506,Jared Rhoden,SG,24,DET,6,0,7.0,1.0,1.8,.545,0.2,0.7,.250,0.8,1.2,.714,.591,0.3,0.3,1.000,0.2,0.7,0.8,0.7,0.0,0.3,0.5,0.7,2.5
507,Nick Richards,C,26,CHO,44,31,25.8,3.8,5.5,.686,0.0,0.0,,3.8,5.5,.686,.686,2.1,2.9,.732,2.6,5.3,8.0,0.9,0.3,1.3,1.1,2.7,9.7
508,Josh Richardson,SG,30,MIA,43,6,25.7,3.6,8.1,.444,1.5,4.4,.347,2.0,3.7,.561,.539,1.2,1.3,.944,0.4,2.4,2.8,2.4,0.6,0.3,0.8,1.8,9.9
509,Duncan Robinson,SF,29,MIA,48,17,27.3,4.5,10.0,.450,2.7,6.8,.397,1.8,3.2,.561,.584,1.3,1.5,.887,0.2,2.2,2.4,2.8,0.6,0.2,1.4,2.3,13.0
510,Jerome Robinson,SG,26,GSW,9,0,3.3,0.0,1.0,.000,0.0,0.6,.000,0.0,0.4,.000,.000,0.4,0.7,.667,0.1,0.2,0.3,0.2,0.0,0.1,0.0,0.1,0.4
511,Mitchell Robinson,C,25,NYK,21,21,29.2,2.8,4.7,.592,0.0,0.0,,2.8,4.7,.592,.592,0.7,1.8,.368,5.3,5.0,10.3,0.7,1.5,1.3,1.0,1.9,6.2
512,Orlando Robinson,C,23,MIA,23,7,10.2,1.3,2.7,.508,0.3,0.6,.538,1.0,2.1,.500,.566,0.8,1.0,.750,0.8,2.0,2.8,1.2,0.2,0.3,0.6,1.3,3.8
513,Jeremiah Robinson-Earl,PF,23,NOP,21,1,10.0,1.4,2.8,.517,0.4,1.0,.364,1.0,1.7,.611,.586,0.5,0.5,.909,0.7,1.6,2.3,0.5,0.3,0.1,0.4,0.7,3.7
514,David Roddy,PF,22,MEM,48,13,23.2,3.2,8.0,.402,1.0,3.3,.301,2.3,4.8,.470,.462,1.0,1.4,.687,1.1,3.1,4.2,1.6,0.5,0.2,1.1,1.4,8.4
515,Ryan Rollins,PG,21,WAS,10,0,6.6,1.3,2.5,.520,0.2,0.3,.667,1.1,2.2,.500,.560,1.3,1.7,.765,0.2,0.9,1.1,1.1,0.8,0.3,0.7,0.7,4.1
516,Derrick Rose,PG,35,MEM,20,7,17.4,3.4,7.4,.453,0.8,2.0,.385,2.6,5.5,.477,.503,1.1,1.2,.917,0.4,1.6,1.9,3.4,0.4,0.1,1.3,1.0,8.6
517,Terry Rozier,SG-PG,29,TOT,40,39,34.1,7.5,16.9,.440,2.4,7.0,.337,5.1,10.0,.513,.510,3.3,3.8,.863,0.7,3.4,4.1,6.4,1.0,0.4,1.9,1.8,20.6
518,Terry Rozier,SG,29,CHO,30,30,35.5,8.4,18.3,.459,2.8,7.7,.358,5.6,10.6,.533,.535,3.6,4.3,.845,0.6,3.3,3.9,6.6,1.1,0.4,2.2,1.7,23.2
519,Terry Rozier,PG,29,MIA,10,9,29.9,4.6,12.8,.359,1.1,4.7,.234,3.5,8.1,.432,.402,2.3,2.4,.958,1.0,3.5,4.5,5.6,0.8,0.2,1.1,1.9,12.6
520,Rayan Rupert,SG,19,POR,16,0,7.4,0.9,2.7,.349,0.4,1.1,.412,0.5,1.6,.308,.430,0.3,0.5,.625,0.4,0.9,1.3,0.7,0.2,0.0,0.4,0.4,2.6
521,D'Angelo Russell,PG,27,LAL,49,42,31.2,6.4,13.8,.465,2.7,6.4,.418,3.7,7.3,.507,.563,2.0,2.5,.810,0.4,2.3,2.7,6.2,0.8,0.5,1.9,2.1,17.5
522,Matt Ryan,SF,26,NOP,14,1,21.6,2.7,6.1,.447,2.3,4.9,.471,0.4,1.2,.353,.635,0.9,1.0,.929,0.4,1.9,2.2,1.0,0.4,0.1,1.1,1.7,8.6
523,,,,,,,,,,,,,,,,,,,,,,,,,,,,,
524,Domantas Sabonis,C,27,SAC,52,52,35.6,8.0,12.8,.623,0.5,1.1,.441,7.5,11.7,.640,.642,3.4,4.9,.692,3.2,10.0,13.2,8.3,0.8,0.5,3.3,3.1,19.9
525,Luka Šamanić,PF,24,UTA,25,0,5.8,0.9,2.4,.367,0.2,0.9,.217,0.7,1.5,.459,.408,0.7,0.8,.810,0.3,1.4,1.7,0.2,0.0,0.1,0.4,0.6,2.6
526,Jermaine Samuels,SF,25,HOU,11,0,4.8,0.7,1.0,.727,0.0,0.2,.000,0.7,0.8,.889,.727,0.2,0.2,1.000,0.2,0.8,1.0,0.2,0.1,0.1,0.0,0.4,1.6
527,Adama Sanogo,PF,21,CHI,3,0,3.7,1.0,1.0,1.000,0.0,0.0,,1.0,1.0,1.000,1.000,0.7,1.0,.667,0.7,1.3,2.0,0.0,0.0,0.0,0.3,0.0,2.7
528,Gui Santos,PF,21,GSW,12,0,9.1,1.3,2.7,.469,0.3,1.1,.308,0.9,1.6,.579,.531,1.2,1.3,.933,1.0,1.7,2.7,0.6,0.3,0.2,0.3,1.2,4.0
529,Dario Šarić,C,29,GSW,49,9,19.6,3.3,7.0,.477,1.4,3.6,.408,1.9,3.5,.547,.580,1.5,1.8,.860,1.3,3.9,5.2,2.5,0.6,0.2,1.2,2.1,9.7
530,Olivier Sarr,C,24,OKC,12,0,7.4,0.8,1.5,.556,0.2,0.5,.333,0.7,1.0,.667,.611,0.8,1.1,.692,0.8,2.0,2.8,0.2,0.0,0.5,0.3,1.4,2.6
531,Marcus Sasser,PG,23,DET,47,0,16.2,3.0,6.1,.484,1.2,2.8,.431,1.8,3.3,.529,.582,0.7,0.8,.868,0.1,1.4,1.5,2.9,0.5,0.2,0.9,1.4,7.8
532,Admiral Schofield,PF,26,ORL,12,0,3.8,0.4,1.3,.333,0.2,0.8,.222,0.3,0.5,.500,.400,0.0,0.2,.000,0.1,0.5,0.6,0.3,0.0,0.0,0.3,0.6,1.0
533,Dennis Schröder,PG,30,TOT,52,33,30.5,4.9,11.0,.442,1.5,4.3,.356,3.3,6.7,.499,.512,2.4,2.9,.852,0.4,2.3,2.8,6.3,0.9,0.2,1.6,2.1,13.7
534,Dennis Schröder,PG,30,TOR,51,33,30.6,4.8,11.0,.442,1.5,4.3,.350,3.3,6.6,.501,.511,2.5,2.9,.852,0.4,2.3,2.7,6.1,0.9,0.2,1.6,2.1,13.7
535,Dennis Schröder,PG,30,BRK,1,0,27.0,6.0,13.0,.462,3.0,5.0,.600,3.0,8.0,.375,.577,0.0,0.0,,0.0,3.0,3.0,12.0,0.0,0.0,2.0,4.0,15.0
536,Dereon Seabron,SG,23,NOP,5,0,10.4,0.8,2.6,.308,0.2,0.4,.500,0.6,2.2,.273,.346,1.0,1.2,.833,0.2,1.2,1.4,0.8,0.4,0.2,0.0,0.8,2.8
537,Alperen Şengün,C,21,HOU,52,52,32.5,8.4,15.6,.541,0.5,1.9,.289,7.9,13.7,.576,.559,3.8,5.3,.718,2.7,6.5,9.2,5.0,1.1,0.7,2.6,3.3,21.2
538,Brice Sensabaugh,SF,20,UTA,5,0,2.8,0.4,1.4,.286,0.2,0.4,.500,0.2,1.0,.200,.357,0.0,0.0,,0.2,0.6,0.8,0.4,0.0,0.0,0.2,0.2,1.0
539,Collin Sexton,SG,25,UTA,54,31,24.4,6.0,12.4,.484,1.6,4.0,.391,4.4,8.4,.529,.547,4.0,4.7,.865,0.9,1.7,2.6,4.5,0.7,0.2,1.9,2.0,17.6
540,Landry Shamet,SG,26,WAS,36,0,15.1,2.7,6.1,.447,1.3,3.4,.369,1.5,2.7,.546,.550,0.9,1.1,.795,0.3,1.0,1.3,1.3,0.6,0.2,0.6,1.8,7.6
541,Day'Ron Sharpe,C,22,BRK,37,1,16.0,3.0,5.2,.575,0.0,0.2,.143,3.0,5.0,.591,.578,1.5,2.4,.614,2.8,4.2,7.0,1.4,0.5,0.9,1.0,2.3,7.5
542,Shaedon Sharpe,SG,20,POR,32,25,33.1,5.5,13.6,.406,1.9,5.6,.333,3.6,7.9,.457,.475,3.1,3.7,.824,1.3,3.7,5.0,2.9,0.9,0.4,2.3,2.8,15.9
543,Ben Sheppard,SG,22,IND,32,0,10.5,1.1,2.9,.366,0.5,1.9,.274,0.5,1.0,.548,.457,0.4,0.5,.800,0.2,1.0,1.2,0.8,0.5,0.0,0.2,1.3,3.0
544,Pascal Siakam,PF,29,TOT,53,53,34.3,8.5,15.8,.536,1.2,3.5,.340,7.3,12.2,.593,.575,3.8,5.2,.731,1.5,4.9,6.5,4.8,0.8,0.2,2.0,2.4,21.9
545,Pascal Siakam,PF,29,TOR,39,39,34.7,8.3,16.0,.522,1.2,3.7,.317,7.2,12.3,.584,.559,4.3,5.7,.758,1.4,4.9,6.3,4.9,0.8,0.3,2.1,2.2,22.2
546,Pascal Siakam,PF,29,IND,14,14,33.1,8.9,15.3,.579,1.3,3.1,.419,7.6,12.2,.620,.621,2.3,3.7,.615,2.0,4.9,6.9,4.6,0.9,0.2,1.8,2.7,21.3
547,Ben Simmons,PG,27,BRK,11,9,25.8,3.4,5.4,.627,0.0,0.0,,3.4,5.4,.627,.627,0.3,0.7,.375,2.4,6.3,8.6,6.4,0.8,0.7,2.2,2.5,7.0
548,,,,,,,,,,,,,,,,,,,,,,,,,,,,,
549,Anfernee Simons,SG,24,POR,29,29,33.6,8.1,18.3,.442,3.4,8.8,.388,4.7,9.6,.491,.535,3.8,4.2,.909,0.5,3.0,3.5,5.3,0.5,0.1,2.5,2.0,23.4
550,Jericho Sims,C,25,NYK,27,8,10.0,0.8,1.1,.733,0.0,0.0,,0.8,1.1,.733,.733,0.1,0.3,.571,0.9,1.5,2.3,0.3,0.1,0.4,0.3,0.9,1.8
551,Dmytro Skapintsev,C,25,NYK,2,0,1.0,0.0,0.5,.000,0.0,0.0,,0.0,0.5,.000,.000,0.0,0.0,,0.0,0.0,0.0,0.0,0.0,0.0,0.0,0.0,0.0
552,Jalen Slawson,SF,24,SAC,5,0,3.8,0.4,0.6,.667,0.0,0.2,.000,0.4,0.4,1.000,.667,0.0,0.0,,0.0,0.8,0.8,0.4,0.0,0.2,0.4,0.6,0.8
553,Javonte Smart,PG,24,PHI,1,0,1.0,0.0,0.0,,0.0,0.0,,0.0,0.0,,,0.0,0.0,,0.0,0.0,0.0,0.0,0.0,0.0,0.0,0.0,0.0
554,Marcus Smart,PG,29,MEM,20,20,30.3,5.1,11.9,.430,2.1,6.7,.313,3.0,5.2,.583,.519,2.2,2.8,.768,0.3,2.4,2.7,4.3,2.1,0.3,3.1,2.7,14.5
555,Dennis Smith Jr.,PG,26,BRK,36,1,20.2,3.0,6.8,.444,0.5,1.9,.284,2.5,4.9,.506,.484,0.9,1.1,.780,1.1,2.4,3.5,4.0,1.3,0.3,1.2,2.4,7.4
556,Dru Smith,SG,26,MIA,9,0,14.6,1.7,3.7,.455,0.8,1.9,.412,0.9,1.8,.500,.561,0.2,0.2,1.000,0.7,0.9,1.6,1.6,1.0,0.3,0.6,1.3,4.3
557,Ish Smith,PG,35,CHO,43,5,17.2,1.5,3.7,.418,0.1,0.2,.500,1.4,3.5,.413,.430,0.1,0.1,.750,0.3,1.5,1.8,3.4,0.4,0.1,1.1,1.1,3.2
558,Jabari Smith Jr.,PF,20,HOU,48,48,31.6,4.9,10.6,.465,1.7,4.5,.369,3.3,6.1,.536,.543,1.8,2.2,.810,2.0,6.3,8.3,1.4,0.7,0.8,1.3,2.7,13.3
559,Jalen Smith,C,23,IND,38,13,18.1,4.2,6.7,.632,1.2,2.4,.484,3.1,4.3,.716,.719,1.2,1.7,.703,1.6,4.0,5.6,1.0,0.3,0.7,0.8,2.3,10.8
560,Nick Smith Jr.,SG,19,CHO,36,0,15.9,2.4,6.0,.406,1.4,3.1,.451,1.0,2.9,.356,.523,0.3,0.4,.846,0.4,1.1,1.5,1.3,0.2,0.2,0.9,1.3,6.6
561,Terquavion Smith,PG,21,PHI,10,0,6.5,1.6,3.9,.410,1.2,3.0,.400,0.4,0.9,.444,.564,0.2,0.3,.667,0.0,0.2,0.2,1.0,0.7,0.0,0.4,0.4,4.6
562,Jeremy Sochan,PF,20,SAS,54,53,29.5,4.5,10.1,.442,0.9,2.8,.333,3.5,7.3,.485,.489,1.5,1.9,.779,1.8,4.3,6.1,3.6,0.7,0.5,1.9,2.3,11.4
563,Jaden Springer,SG,21,PHI,32,1,11.8,1.4,3.7,.390,0.3,1.2,.216,1.2,2.5,.469,.424,0.9,1.1,.824,0.8,1.0,1.8,1.1,0.8,0.3,0.8,1.5,4.0
564,Lamar Stevens,PF,26,TOT,20,1,7.4,1.3,2.8,.473,0.2,0.5,.333,1.2,2.3,.500,.500,0.4,0.6,.727,0.7,1.3,1.9,0.4,0.3,0.4,0.6,0.9,3.2
565,Lamar Stevens,PF,26,BOS,19,1,6.4,1.1,2.4,.467,0.2,0.4,.375,0.9,1.9,.486,.500,0.4,0.6,.727,0.6,1.0,1.6,0.4,0.3,0.3,0.5,0.7,2.8
566,Lamar Stevens,PF,26,MEM,1,0,26.0,5.0,10.0,.500,0.0,1.0,.000,5.0,9.0,.556,.500,0.0,0.0,,1.0,6.0,7.0,0.0,0.0,2.0,2.0,3.0,10.0
567,Isaiah Stewart,PF,22,DET,35,34,30.6,4.1,8.6,.470,1.4,3.7,.374,2.7,4.9,.544,.551,1.5,2.0,.746,1.8,5.0,6.8,1.7,0.4,0.8,1.5,2.5,11.0
568,Julian Strawther,SF,21,DEN,35,0,13.9,2.1,5.6,.378,1.1,3.5,.309,1.0,2.1,.493,.474,0.5,0.7,.720,0.1,1.4,1.5,1.1,0.5,0.2,0.5,1.4,5.8
569,Max Strus,SF,27,CLE,52,52,32.3,4.4,10.8,.410,2.4,7.2,.339,2.0,3.7,.550,.522,1.0,1.2,.781,0.9,4.1,5.0,3.7,0.9,0.5,1.5,2.6,12.3
570,Jalen Suggs,SG,22,ORL,49,49,26.8,4.4,9.8,.447,2.0,5.2,.387,2.3,4.6,.516,.550,1.5,2.0,.760,0.7,2.6,3.2,2.4,1.4,0.6,1.9,2.8,12.2
571,,,,,,,,,,,,,,,,,,,,,,,,,,,,,
572,Cole Swider,SF,24,MIA,9,0,4.9,1.0,2.3,.429,0.6,1.7,.333,0.4,0.7,.667,.548,0.0,0.0,,0.1,0.1,0.2,0.3,0.1,0.1,0.3,0.2,2.6
573,Jae'Sean Tate,SF,28,HOU,50,9,17.5,1.8,3.8,.473,0.4,1.3,.299,1.4,2.4,.570,.527,0.4,0.6,.714,1.0,2.3,3.3,1.1,0.7,0.2,0.4,2.4,4.4
574,Jayson Tatum,PF,25,BOS,50,50,35.9,9.2,19.4,.474,3.0,8.4,.362,6.2,11.0,.560,.553,5.6,6.8,.820,0.9,7.6,8.5,4.7,1.0,0.6,2.5,2.0,27.0
575,Terry Taylor,PF,24,CHI,18,0,7.3,0.8,1.6,.536,0.1,0.4,.143,0.8,1.2,.667,.554,0.1,0.1,1.000,0.8,0.7,1.5,0.3,0.2,0.1,0.4,0.7,1.8
576,Garrett Temple,SG,37,TOR,16,0,4.3,0.5,1.3,.381,0.1,0.6,.222,0.4,0.8,.500,.429,0.3,0.4,.833,0.3,0.4,0.7,0.4,0.2,0.0,0.3,0.4,1.4
577,Dalen Terry,SG,21,CHI,34,1,10.1,0.9,2.2,.400,0.3,1.2,.238,0.6,1.0,.606,.467,0.5,0.6,.727,0.3,1.4,1.7,1.2,0.3,0.2,0.5,1.3,2.5
578,Daniel Theis,C,31,TOT,40,1,16.8,2.5,4.7,.534,0.4,1.0,.410,2.1,3.8,.567,.577,0.8,1.1,.721,1.5,2.1,3.6,1.0,0.5,0.9,0.7,2.3,6.2
579,Daniel Theis,C,31,IND,1,0,8.0,1.0,4.0,.250,0.0,1.0,.000,1.0,3.0,.333,.250,0.0,0.0,,0.0,0.0,0.0,0.0,0.0,0.0,0.0,1.0,2.0
580,Daniel Theis,C,31,LAC,39,1,17.0,2.6,4.7,.541,0.4,1.0,.421,2.2,3.8,.571,.584,0.8,1.1,.721,1.5,2.2,3.7,1.0,0.5,0.9,0.7,2.4,6.3
581,Cam Thomas,SG,22,BRK,43,28,29.7,7.7,17.4,.441,2.0,5.5,.361,5.7,11.9,.479,.499,4.0,4.8,.836,0.3,2.5,2.9,2.6,0.7,0.3,1.8,2.0,21.4
582,Amen Thompson,SF,21,HOU,34,5,18.8,2.9,5.6,.510,0.2,1.1,.158,2.7,4.5,.597,.526,1.3,2.0,.647,1.6,3.8,5.3,2.5,1.1,0.4,1.5,2.2,7.2
583,Ausar Thompson,SF,21,DET,52,27,23.8,3.5,7.3,.476,0.2,1.6,.146,3.3,5.7,.567,.492,1.2,1.8,.638,2.2,4.4,6.6,1.9,1.0,0.9,1.3,2.8,8.3
584,Klay Thompson,SF,33,GSW,48,48,30.6,6.0,14.5,.418,3.2,8.6,.373,2.8,5.8,.484,.530,1.8,1.9,.913,0.5,3.0,3.5,2.3,0.6,0.5,1.5,1.8,17.1
585,Tristan Thompson,PF,32,CLE,36,0,12.4,1.7,2.6,.649,0.0,0.0,.000,1.7,2.6,.656,.649,0.4,1.2,.310,1.6,2.3,3.9,1.1,0.2,0.3,0.6,1.4,3.8
586,JT Thor,PF,21,CHO,42,1,13.7,1.2,3.3,.367,0.5,1.4,.317,0.8,1.9,.405,.435,0.2,0.3,.538,0.9,1.7,2.6,0.4,0.2,0.4,0.3,1.0,3.0
587,Matisse Thybulle,SF,26,POR,50,18,23.3,1.9,4.8,.402,1.3,3.8,.351,0.6,1.1,.585,.539,0.3,0.4,.800,0.4,1.5,1.9,1.3,1.6,0.8,0.5,1.4,5.5
588,Xavier Tillman Sr.,C,25,MEM,34,13,20.6,2.6,6.3,.408,0.4,1.6,.226,2.2,4.7,.469,.437,0.5,1.3,.419,1.6,3.0,4.6,1.7,1.2,1.0,0.9,1.8,6.0
589,Jacob Toppin,SF,23,NYK,4,0,3.8,0.3,0.5,.500,0.0,0.3,.000,0.3,0.3,1.000,.500,0.0,0.0,,0.3,0.3,0.5,0.5,0.0,0.3,0.0,0.0,0.5
590,Obi Toppin,PF,25,IND,55,28,22.4,4.2,7.4,.565,1.3,3.1,.404,2.9,4.3,.684,.651,1.0,1.3,.753,1.1,2.8,3.9,1.6,0.5,0.5,0.9,1.9,10.6
591,Juan Toscano-Anderson,SF,30,SAC,11,0,4.8,0.3,1.1,.250,0.1,0.4,.250,0.2,0.7,.250,.292,0.0,0.0,,0.4,0.9,1.3,0.4,0.1,0.1,0.2,1.0,0.6
592,Karl-Anthony Towns,PF,28,MIN,52,52,33.1,8.1,15.6,.518,2.3,5.2,.438,5.8,10.4,.558,.591,4.2,4.8,.871,1.4,7.0,8.4,3.0,0.7,0.6,2.8,3.3,22.7
593,Gary Trent Jr.,SG,25,TOR,49,19,26.2,4.3,10.2,.417,2.4,5.7,.419,1.9,4.5,.414,.534,0.6,0.9,.667,0.2,1.9,2.1,1.4,1.0,0.1,0.7,1.2,11.5
594,,,,,,,,,,,,,,,,,,,,,,,,,,,,,
595,Oscar Tshiebwe,PF,24,IND,6,0,5.7,1.3,2.7,.500,0.0,0.0,,1.3,2.7,.500,.500,0.8,1.0,.833,1.0,1.0,2.0,0.3,0.3,0.0,0.0,0.2,3.5
596,P.J. Tucker,PF,38,TOT,15,3,15.9,0.4,1.3,.316,0.3,1.1,.313,0.1,0.2,.333,.447,0.2,0.2,1.000,1.1,1.8,2.9,0.5,0.6,0.2,0.3,2.3,1.3
597,P.J. Tucker,PF,38,PHI,3,3,22.0,0.7,1.7,.400,0.7,1.7,.400,0.0,0.0,,.600,0.0,0.0,,0.3,4.3,4.7,0.0,1.0,0.7,0.7,3.0,2.0
598,P.J. Tucker,PF,38,LAC,12,0,14.4,0.3,1.2,.286,0.3,0.9,.273,0.1,0.3,.333,.393,0.3,0.3,1.000,1.3,1.2,2.4,0.7,0.5,0.1,0.2,2.2,1.2
599,Myles Turner,C,27,IND,52,52,27.4,6.3,11.9,.524,1.4,4.1,.336,4.9,7.9,.621,.581,3.3,4.3,.783,1.6,5.3,6.9,1.3,0.6,1.8,1.4,3.2,17.2
600,Hunter Tyson,PF,23,DEN,9,0,3.0,0.1,0.8,.143,0.0,0.7,.000,0.1,0.1,1.000,.143,0.0,0.0,,0.0,0.7,0.7,0.1,0.0,0.0,0.2,0.7,0.2
601,Stanley Umude,SG,24,DET,17,0,11.2,1.5,3.1,.481,1.0,1.8,.548,0.5,1.2,.381,.644,1.3,1.4,.917,0.2,1.6,1.8,0.5,0.2,0.3,0.6,1.6,5.2
602,Jonas Valančiūnas,C,31,NOP,54,54,25.7,5.4,9.5,.570,0.6,1.6,.341,4.9,7.9,.617,.599,2.4,3.0,.796,2.6,6.9,9.5,2.3,0.4,1.0,1.4,3.0,13.8
603,Jarred Vanderbilt,PF,24,LAL,29,6,20.0,2.0,3.9,.518,0.3,0.9,.296,1.8,3.0,.586,.553,0.8,1.2,.667,1.4,3.3,4.8,1.2,1.2,0.2,1.0,1.5,5.2
604,Fred VanVleet,PG,29,HOU,47,47,36.7,5.5,13.5,.409,2.9,7.7,.374,2.6,5.8,.456,.516,2.6,3.0,.859,0.4,3.4,3.7,8.2,1.1,1.0,1.6,2.2,16.5
605,Devin Vassell,SG,23,SAS,49,43,31.7,7.0,14.9,.470,2.5,6.8,.370,4.5,8.1,.553,.554,2.5,3.1,.809,0.4,3.3,3.7,3.6,1.0,0.3,1.4,1.0,19.0
606,Sasha Vezenkov,PF,28,SAC,35,0,12.6,2.1,4.7,.448,1.1,2.9,.380,1.0,1.9,.554,.564,0.3,0.4,.769,0.9,1.6,2.5,0.4,0.5,0.2,0.3,1.0,5.6
607,Gabe Vincent,PG,27,LAL,5,0,25.4,2.4,6.4,.375,0.4,3.4,.118,2.0,3.0,.667,.406,0.2,0.4,.500,0.4,0.6,1.0,3.0,1.2,0.0,0.4,2.4,5.4
608,Nikola Vučević,C,33,CHI,49,47,34.3,7.5,15.8,.476,1.1,4.1,.277,6.4,11.7,.546,.512,1.5,1.7,.857,2.7,7.9,10.6,3.5,0.7,0.9,1.4,2.5,17.6
609,Dean Wade,PF,27,CLE,44,30,21.1,1.8,4.5,.411,1.5,3.9,.398,0.3,0.6,.500,.584,0.3,0.4,.789,0.8,3.5,4.3,0.8,0.8,0.4,0.4,1.9,5.6
610,Franz Wagner,SF,22,ORL,45,45,33.3,7.9,16.4,.479,1.7,5.2,.322,6.2,11.2,.551,.530,3.8,4.5,.851,1.1,4.5,5.6,4.1,1.1,0.4,2.0,2.3,21.2
611,Moritz Wagner,C,26,ORL,51,1,18.5,4.2,7.2,.585,0.5,1.5,.329,3.7,5.7,.655,.621,2.2,2.7,.793,1.5,2.9,4.5,1.2,0.5,0.3,1.2,2.2,11.2
612,Ish Wainright,SF,29,POR,7,0,6.6,0.9,2.6,.333,0.9,2.3,.375,0.0,0.3,.000,.500,0.3,0.3,1.000,0.0,1.3,1.3,0.0,0.3,0.1,0.1,0.6,2.9
613,Jabari Walker,SF,21,POR,48,14,22.2,3.1,6.5,.470,0.6,2.0,.278,2.5,4.5,.556,.513,1.8,2.3,.750,1.9,4.5,6.4,0.8,0.6,0.4,1.0,2.3,8.4
614,Jarace Walker,PF,20,IND,17,0,10.2,1.6,3.9,.424,0.7,1.9,.375,0.9,2.0,.471,.515,0.4,0.4,.857,0.5,1.2,1.7,1.2,0.5,0.4,0.6,1.0,4.4
615,Lonnie Walker IV,SG,25,BRK,32,0,18.4,4.3,9.0,.474,2.1,4.9,.433,2.1,4.1,.523,.592,1.0,1.3,.767,0.3,1.8,2.0,1.5,0.7,0.3,1.1,1.2,11.7
616,Cason Wallace,SG,20,OKC,53,9,20.8,2.6,5.2,.502,1.2,2.8,.409,1.5,2.4,.611,.613,0.4,0.5,.846,0.6,1.6,2.2,1.3,0.7,0.4,0.5,1.7,6.8
617,,,,,,,,,,,,,,,,,,,,,,,,,,,,,
618,Jordan Walsh,SF,19,BOS,3,0,5.0,0.3,0.7,.500,0.0,0.3,.000,0.3,0.3,1.000,.500,0.0,0.0,,0.3,1.7,2.0,0.7,0.3,0.0,0.0,0.7,0.7
619,P.J. Washington,PF,25,TOT,46,18,29.3,5.2,11.5,.447,1.7,5.5,.316,3.4,6.0,.567,.523,1.5,2.1,.704,1.2,4.1,5.3,2.2,0.8,0.7,1.5,2.5,13.5
620,P.J. Washington,PF,25,CHO,44,17,29.2,5.2,11.6,.446,1.8,5.5,.324,3.4,6.0,.558,.524,1.5,2.1,.713,1.2,4.1,5.3,2.2,0.9,0.7,1.5,2.5,13.6
621,P.J. Washington,PF,25,DAL,2,1,30.0,5.0,10.5,.476,0.5,4.5,.111,4.5,6.0,.750,.500,1.0,2.0,.500,0.5,4.5,5.0,2.0,0.5,0.0,2.0,2.5,11.5
622,TyTy Washington Jr.,PG,22,MIL,4,0,4.0,0.3,1.5,.167,0.3,0.8,.333,0.0,0.8,.000,.250,0.0,0.0,,0.0,0.3,0.3,0.3,0.3,0.0,0.5,0.0,0.8
623,Yuta Watanabe,SF,29,TOT,30,0,13.6,1.3,3.6,.367,0.8,2.7,.305,0.5,0.9,.556,.482,0.3,0.5,.667,0.4,1.2,1.6,0.4,0.4,0.2,0.6,1.2,3.8
624,Yuta Watanabe,SF,29,PHO,29,0,13.2,1.2,3.3,.361,0.8,2.6,.320,0.4,0.8,.500,.485,0.3,0.5,.667,0.4,1.2,1.6,0.3,0.3,0.2,0.6,1.2,3.6
625,Yuta Watanabe,SF,29,MEM,1,0,25.0,5.0,12.0,.417,1.0,7.0,.143,4.0,5.0,.800,.458,0.0,0.0,,0.0,2.0,2.0,1.0,2.0,0.0,1.0,1.0,11.0
626,Lindy Waters III,SG,26,OKC,22,0,7.6,1.0,2.4,.442,1.0,2.2,.438,0.1,0.2,.500,.644,0.0,0.0,,0.0,1.0,1.0,0.5,0.0,0.2,0.2,0.8,3.0
627,Trendon Watford,PF,23,BRK,37,0,11.7,2.3,4.3,.535,0.3,0.9,.344,2.0,3.4,.583,.569,0.8,1.0,.861,0.9,1.8,2.7,1.5,0.4,0.2,0.7,1.5,5.7
628,Peyton Watson,SF,21,DEN,52,4,18.3,2.7,5.6,.476,0.7,2.1,.330,2.0,3.5,.564,.538,0.9,1.3,.700,0.6,2.3,2.9,1.0,0.6,0.9,0.7,1.8,6.9
629,Victor Wembanyama,C,20,SAS,48,48,28.4,7.5,16.0,.468,1.6,4.9,.319,5.9,11.1,.534,.517,3.9,4.8,.811,2.1,7.9,10.1,3.2,1.1,3.2,3.5,2.2,20.4
630,Blake Wesley,SG,20,SAS,33,1,12.6,1.6,3.2,.519,0.1,0.7,.174,1.5,2.5,.617,.538,0.6,1.1,.556,0.2,0.9,1.2,2.6,0.6,0.1,0.7,1.6,4.0
631,Russell Westbrook,PG,35,LAC,52,10,23.0,4.5,9.8,.464,0.7,2.4,.288,3.8,7.4,.521,.499,1.6,2.3,.664,1.4,4.0,5.4,4.6,1.1,0.4,2.1,1.8,11.3
632,Coby White,PG,23,CHI,54,54,36.2,6.9,15.1,.459,2.8,7.2,.393,4.1,7.9,.520,.553,2.7,3.3,.824,0.5,4.1,4.7,5.3,0.7,0.2,2.2,2.3,19.4
633,Derrick White,SG,29,BOS,49,49,32.2,5.3,11.6,.456,2.6,6.7,.391,2.7,5.0,.543,.568,2.1,2.4,.888,0.7,3.2,3.9,4.8,1.0,1.2,1.6,2.2,15.3
634,Cam Whitmore,SF,19,HOU,28,1,17.0,4.4,9.1,.478,1.7,4.3,.403,2.6,4.9,.544,.573,1.5,2.2,.677,0.7,3.0,3.6,0.5,0.6,0.2,0.8,1.4,11.9
635,Aaron Wiggins,SG,25,OKC,50,0,14.3,2.4,4.1,.585,0.8,1.5,.519,1.6,2.6,.623,.681,0.5,0.7,.750,0.7,1.7,2.4,1.0,0.5,0.1,0.5,1.2,6.2
636,Andrew Wiggins,SF,28,GSW,46,35,27.0,4.8,10.7,.446,1.0,3.2,.331,3.7,7.6,.494,.495,1.8,2.6,.708,1.6,2.7,4.3,1.6,0.5,0.5,1.2,2.3,12.5
637,Lindell Wigginton,PG,25,MIL,3,0,2.7,0.7,1.7,.400,0.0,0.7,.000,0.7,1.0,.667,.400,0.7,0.7,1.000,0.0,0.0,0.0,0.0,0.0,0.0,0.3,0.3,2.0
638,Brandon Williams,PG,24,DAL,11,0,4.9,0.7,1.8,.400,0.2,0.5,.333,0.5,1.3,.429,.450,0.5,1.0,.545,0.3,0.4,0.6,1.1,0.1,0.1,0.3,0.1,2.2
639,Grant Williams,PF,25,TOT,49,33,26.7,2.9,6.9,.418,1.7,4.5,.378,1.2,2.4,.492,.541,1.0,1.3,.769,0.9,2.8,3.7,1.7,0.5,0.6,1.2,2.9,8.5
640,Grant Williams,PF,25,DAL,47,33,26.4,2.8,6.7,.413,1.7,4.5,.376,1.1,2.3,.486,.538,0.9,1.2,.745,1.0,2.6,3.6,1.7,0.5,0.6,1.1,2.9,8.1
641,Grant Williams,PF,25,CHO,2,0,32.0,5.5,11.5,.478,2.5,6.0,.417,3.0,5.5,.545,.587,4.5,5.0,.900,0.0,6.0,6.0,2.0,0.0,0.5,2.0,1.5,18.0
642,Jalen Williams,PF,22,OKC,47,47,32.0,7.4,13.7,.540,1.5,3.3,.451,5.9,10.4,.568,.594,2.6,3.2,.809,0.6,3.6,4.1,4.6,1.0,0.5,1.7,2.6,18.9
643,Jaylin Williams,C,21,OKC,45,0,12.3,1.2,3.2,.377,0.7,2.0,.337,0.5,1.2,.444,.483,0.5,0.6,.840,0.5,2.6,3.2,1.3,0.4,0.4,0.4,1.4,3.6
644,,,,,,,,,,,,,,,,,,,,,,,,,,,,,
645,Jeenathan Williams,SG,24,HOU,9,0,7.9,1.6,3.3,.467,0.1,0.3,.333,1.4,3.0,.481,.483,0.4,0.8,.571,0.8,0.2,1.0,0.3,0.2,0.0,0.1,1.0,3.7
646,Kenrich Williams,PF,29,OKC,42,1,15.0,1.8,3.9,.460,0.8,2.0,.400,1.0,1.9,.526,.564,0.1,0.2,.300,0.8,2.0,2.8,1.3,0.6,0.1,0.4,1.5,4.5
647,Mark Williams,C,22,CHO,19,19,26.7,5.2,7.9,.649,0.0,0.0,,5.2,7.9,.649,.649,2.4,3.4,.719,4.0,5.7,9.7,1.2,0.8,1.1,0.9,2.6,12.7
648,Patrick Williams,PF,22,CHI,43,30,27.3,3.7,8.3,.443,1.4,3.4,.399,2.3,4.9,.474,.525,1.2,1.5,.788,1.1,2.8,3.9,1.5,0.9,0.8,1.3,2.0,10.0
649,Robert Williams,C,26,POR,6,0,19.8,2.8,4.3,.654,0.0,0.0,,2.8,4.3,.654,.654,1.2,1.5,.778,1.8,4.5,6.3,0.8,1.2,1.2,1.2,2.8,6.8
650,Vince Williams Jr.,SG,23,MEM,42,23,26.2,3.0,6.8,.443,1.6,4.2,.377,1.5,2.7,.545,.557,1.8,2.2,.804,1.2,4.2,5.4,2.7,0.8,0.6,1.4,2.5,9.4
651,Ziaire Williams,SF,22,MEM,44,9,18.8,2.7,7.0,.390,1.1,3.5,.314,1.6,3.5,.467,.469,1.1,1.3,.831,0.7,2.7,3.4,1.5,0.6,0.2,1.3,1.7,7.7
652,Zion Williamson,PF,23,NOP,43,43,30.5,8.7,14.9,.581,0.1,0.3,.364,8.6,14.6,.585,.584,4.7,6.9,.685,1.7,3.7,5.5,4.8,1.0,0.5,2.5,2.3,22.1
653,Jalen Wilson,PF,23,BRK,14,1,13.7,1.8,3.6,.490,0.6,1.2,.471,1.2,2.4,.500,.569,1.2,1.4,.895,1.3,1.4,2.6,1.1,0.4,0.1,0.3,1.1,5.4
654,Dylan Windler,SF,27,TOT,7,0,2.7,0.6,1.0,.571,0.6,0.9,.667,0.0,0.1,.000,.857,0.0,0.0,,0.0,0.4,0.4,0.6,0.0,0.0,0.0,0.3,1.7
655,Dylan Windler,SF,27,NYK,3,0,2.3,0.3,0.7,.500,0.3,0.7,.500,0.0,0.0,,.750,0.0,0.0,,0.0,0.3,0.3,0.3,0.0,0.0,0.0,0.3,1.0
656,Dylan Windler,SF,27,LAL,4,0,3.0,0.8,1.3,.600,0.8,1.0,.750,0.0,0.3,.000,.900,0.0,0.0,,0.0,0.5,0.5,0.8,0.0,0.0,0.0,0.3,2.3
657,James Wiseman,C,22,DET,33,0,13.9,2.5,3.7,.675,0.0,0.1,.000,2.5,3.7,.686,.675,0.7,1.1,.622,1.4,2.5,3.9,0.6,0.1,0.6,0.8,1.9,5.7
658,Christian Wood,PF,28,LAL,48,1,17.5,2.5,5.3,.468,0.7,2.3,.315,1.8,3.0,.583,.536,1.3,1.9,.696,0.8,4.3,5.1,1.0,0.3,0.7,1.0,1.4,7.0
659,Delon Wright,PG,31,WAS,32,0,14.2,1.5,3.8,.397,0.4,1.2,.378,1.1,2.6,.405,.455,0.8,0.9,.828,0.4,1.4,1.8,2.6,1.1,0.3,0.3,0.7,4.2
660,Thaddeus Young,PF,35,TOR,23,6,15.2,2.3,3.8,.621,0.0,0.3,.167,2.3,3.5,.654,.626,0.2,0.5,.417,1.3,2.0,3.3,2.2,0.8,0.1,0.5,1.7,5.0
661,Trae Young,PG,25,ATL,49,49,36.6,8.4,19.5,.428,3.4,9.0,.373,5.0,10.5,.476,.515,6.9,8.0,.857,0.4,2.3,2.8,10.9,1.4,0.2,4.3,2.0,27.0
662,Omer Yurtseven,C,25,UTA,29,6,9.3,1.4,2.9,.482,0.1,0.5,.200,1.3,2.3,.544,.500,0.2,0.4,.545,1.2,2.4,3.7,0.4,0.1,0.4,0.8,1.2,3.1
663,Cody Zeller,C,31,NOP,36,0,8.0,0.6,1.5,.396,0.0,0.1,.333,0.6,1.4,.400,.406,0.6,1.0,.600,1.1,1.6,2.6,0.9,0.2,0.1,0.4,1.1,1.8
664,Ivica Zubac,C,26,LAC,42,42,26.5,5.0,7.7,.654,0.0,0.0,,5.0,7.7,.654,.654,1.8,2.7,.661,3.1,6.3,9.5,1.2,0.2,1.3,1.1,2.8,11.9
